time,temperature_2m (°C),relative_humidity_2m (%),wind_speed_10m (km/h),precipitation (mm)
2018-01-01T00:00,-12.8,51,16.8,0.0
2018-01-01T01:00,-13.1,54,16.3,0.0
2018-01-01T02:00,-13.2,55,16.3,0.0
2018-01-01T03:00,-13.4,56,15.3,0.0
2018-01-01T04:00,-13.6,57,15.0,0.0
2018-01-01T05:00,-13.8,57,15.5,0.0
2018-01-01T06:00,-13.9,57,16.1,0.0
2018-01-01T07:00,-14.1,58,15.6,0.0
2018-01-01T08:00,-14.0,58,16.0,0.0
2018-01-01T09:00,-13.6,54,16.6,0.0
2018-01-01T10:00,-12.2,46,18.4,0.0
2018-01-01T11:00,-11.0,42,21.2,0.0
2018-01-01T12:00,-9.8,38,21.4,0.0
2018-01-01T13:00,-8.6,34,20.9,0.0
2018-01-01T14:00,-7.7,30,20.4,0.0
2018-01-01T15:00,-7.0,28,21.6,0.0
2018-01-01T16:00,-6.5,24,19.7,0.0
2018-01-01T17:00,-7.1,29,17.1,0.0
2018-01-01T18:00,-8.4,35,8.4,0.0
2018-01-01T19:00,-9.6,39,7.4,0.0
2018-01-01T20:00,-10.0,45,8.0,0.0
2018-01-01T21:00,-9.7,47,11.8,0.0
2018-01-01T22:00,-10.1,50,13.8,0.0
2018-01-01T23:00,-10.2,51,16.3,0.0
2018-01-02T00:00,-10.1,50,17.1,0.0
2018-01-02T01:00,-9.9,48,18.7,0.0
2018-01-02T02:00,-10.1,48,19.8,0.0
2018-01-02T03:00,-10.3,49,19.5,0.0
2018-01-02T04:00,-10.6,51,19.1,0.0
2018-01-02T05:00,-10.6,52,19.6,0.0
2018-01-02T06:00,-10.9,55,19.9,0.0
2018-01-02T07:00,-11.2,58,16.2,0.0
2018-01-02T08:00,-11.4,63,15.3,0.0
2018-01-02T09:00,-10.9,63,16.2,0.0
2018-01-02T10:00,-9.4,56,16.5,0.0
2018-01-02T11:00,-7.7,49,16.7,0.0
2018-01-02T12:00,-6.0,44,18.2,0.0
2018-01-02T13:00,-4.6,40,19.5,0.0
2018-01-02T14:00,-3.7,37,19.8,0.0
2018-01-02T15:00,-3.0,35,18.8,0.0
2018-01-02T16:00,-2.9,34,19.3,0.0
2018-01-02T17:00,-3.7,38,17.7,0.0
2018-01-02T18:00,-5.1,44,15.3,0.0
2018-01-02T19:00,-5.7,48,16.4,0.0
2018-01-02T20:00,-6.9,53,18.4,0.0
2018-01-02T21:00,-7.2,52,19.2,0.0
2018-01-02T22:00,-7.5,50,16.9,0.0
2018-01-02T23:00,-7.8,50,14.1,0.0
2018-01-03T00:00,-8.0,50,11.5,0.0
2018-01-03T01:00,-8.2,50,9.6,0.0
2018-01-03T02:00,-8.6,53,9.3,0.0
2018-01-03T03:00,-8.9,57,12.0,0.0
2018-01-03T04:00,-9.4,57,12.7,0.0
2018-01-03T05:00,-9.9,55,10.1,0.0
2018-01-03T06:00,-10.6,55,6.1,0.0
2018-01-03T07:00,-11.1,60,6.7,0.0
2018-01-03T08:00,-12.2,70,9.0,0.0
2018-01-03T09:00,-10.2,65,8.3,0.0
2018-01-03T10:00,-8.5,52,7.4,0.0
2018-01-03T11:00,-7.0,40,3.8,0.0
2018-01-03T12:00,-5.5,36,5.0,0.0
2018-01-03T13:00,-4.2,34,7.5,0.0
2018-01-03T14:00,-3.2,32,9.7,0.0
2018-01-03T15:00,-2.5,32,10.9,0.0
2018-01-03T16:00,-2.2,35,9.5,0.0
2018-01-03T17:00,-2.8,46,8.7,0.0
2018-01-03T18:00,-5.3,63,9.4,0.0
2018-01-03T19:00,-6.1,73,10.7,0.0
2018-01-03T20:00,-6.2,68,7.6,0.0
2018-01-03T21:00,-4.1,57,8.7,0.0
2018-01-03T22:00,-4.3,61,7.6,0.0
2018-01-03T23:00,-4.8,62,9.7,0.0
2018-01-04T00:00,-4.4,64,14.1,0.0
2018-01-04T01:00,-4.9,63,14.4,0.0
2018-01-04T02:00,-4.7,59,20.6,0.1
2018-01-04T03:00,-4.8,59,23.8,0.1
2018-01-04T04:00,-4.7,59,26.1,0.1
2018-01-04T05:00,-5.0,59,30.2,0.6
2018-01-04T06:00,-5.2,62,33.0,1.2
2018-01-04T07:00,-4.9,63,34.7,1.1
2018-01-04T08:00,-5.1,62,38.2,1.2
2018-01-04T09:00,-5.1,65,39.3,1.8
2018-01-04T10:00,-5.8,73,42.2,1.8
2018-01-04T11:00,-6.0,77,51.0,3.0
2018-01-04T12:00,-5.4,79,52.4,2.6
2018-01-04T13:00,-5.0,79,50.2,1.9
2018-01-04T14:00,-4.5,78,42.1,1.3
2018-01-04T15:00,-4.3,76,40.1,1.2
2018-01-04T16:00,-4.5,73,41.9,0.8
2018-01-04T17:00,-4.2,72,40.8,0.6
2018-01-04T18:00,-4.2,70,39.6,0.4
2018-01-04T19:00,-4.4,68,37.0,0.2
2018-01-04T20:00,-4.4,66,37.6,0.1
2018-01-04T21:00,-5.1,66,34.5,0.0
2018-01-04T22:00,-6.2,65,34.2,0.0
2018-01-04T23:00,-7.1,65,34.3,0.0
2018-01-05T00:00,-8.0,63,34.5,0.0
2018-01-05T01:00,-9.2,63,34.6,0.0
2018-01-05T02:00,-10.5,63,33.0,0.0
2018-01-05T03:00,-11.5,63,30.4,0.0
2018-01-05T04:00,-12.2,63,27.9,0.0
2018-01-05T05:00,-12.9,63,27.1,0.0
2018-01-05T06:00,-13.4,62,27.2,0.0
2018-01-05T07:00,-13.9,61,27.5,0.0
2018-01-05T08:00,-13.5,61,30.5,0.0
2018-01-05T09:00,-13.9,60,29.3,0.0
2018-01-05T10:00,-13.7,60,28.6,0.0
2018-01-05T11:00,-13.1,56,31.0,0.0
2018-01-05T12:00,-12.4,55,29.9,0.0
2018-01-05T13:00,-11.9,52,28.8,0.0
2018-01-05T14:00,-11.6,51,29.7,0.0
2018-01-05T15:00,-11.4,51,28.0,0.0
2018-01-05T16:00,-11.0,49,27.1,0.0
2018-01-05T17:00,-11.2,50,21.1,0.0
2018-01-05T18:00,-11.9,51,17.6,0.0
2018-01-05T19:00,-12.1,53,20.0,0.0
2018-01-05T20:00,-11.4,55,20.0,0.0
2018-01-05T21:00,-12.2,57,17.9,0.0
2018-01-05T22:00,-12.6,57,21.1,0.0
2018-01-05T23:00,-13.1,58,23.3,0.0
2018-01-06T00:00,-13.9,58,23.7,0.0
2018-01-06T01:00,-14.6,59,21.8,0.0
2018-01-06T02:00,-15.1,59,20.6,0.0
2018-01-06T03:00,-15.3,60,20.2,0.0
2018-01-06T04:00,-15.4,60,20.2,0.0
2018-01-06T05:00,-15.4,60,19.8,0.0
2018-01-06T06:00,-15.5,60,19.2,0.0
2018-01-06T07:00,-15.6,61,17.8,0.0
2018-01-06T08:00,-14.9,60,18.4,0.0
2018-01-06T09:00,-15.2,63,16.9,0.0
2018-01-06T10:00,-14.6,62,18.1,0.0
2018-01-06T11:00,-13.9,56,23.7,0.0
2018-01-06T12:00,-13.6,55,25.7,0.0
2018-01-06T13:00,-13.4,53,26.9,0.0
2018-01-06T14:00,-13.0,51,27.4,0.0
2018-01-06T15:00,-12.7,49,27.6,0.0
2018-01-06T16:00,-12.9,51,25.5,0.0
2018-01-06T17:00,-13.2,53,24.7,0.0
2018-01-06T18:00,-13.9,55,22.4,0.0
2018-01-06T19:00,-14.6,56,21.6,0.0
2018-01-06T20:00,-14.2,58,17.6,0.0
2018-01-06T21:00,-14.4,58,17.6,0.0
2018-01-06T22:00,-14.8,59,18.2,0.0
2018-01-06T23:00,-15.4,60,20.5,0.0
2018-01-07T00:00,-15.9,61,20.3,0.0
2018-01-07T01:00,-16.3,63,18.2,0.0
2018-01-07T02:00,-16.7,64,16.7,0.0
2018-01-07T03:00,-17.2,66,15.3,0.0
2018-01-07T04:00,-17.9,69,13.9,0.0
2018-01-07T05:00,-18.1,69,13.8,0.0
2018-01-07T06:00,-19.0,70,9.8,0.0
2018-01-07T07:00,-20.5,72,9.8,0.0
2018-01-07T08:00,-19.2,72,8.3,0.0
2018-01-07T09:00,-18.2,70,9.8,0.0
2018-01-07T10:00,-17.1,69,9.2,0.0
2018-01-07T11:00,-15.7,66,6.9,0.0
2018-01-07T12:00,-14.4,62,5.8,0.0
2018-01-07T13:00,-13.4,60,4.7,0.0
2018-01-07T14:00,-12.4,59,4.7,0.0
2018-01-07T15:00,-11.6,59,6.0,0.0
2018-01-07T16:00,-11.6,65,7.1,0.0
2018-01-07T17:00,-12.1,64,8.4,0.0
2018-01-07T18:00,-12.3,65,9.7,0.0
2018-01-07T19:00,-11.4,68,14.5,0.0
2018-01-07T20:00,-10.8,71,16.1,0.0
2018-01-07T21:00,-10.3,70,17.2,0.0
2018-01-07T22:00,-10.2,69,18.8,0.0
2018-01-07T23:00,-9.8,68,21.0,0.0
2018-01-08T00:00,-9.9,69,21.3,0.0
2018-01-08T01:00,-10.2,72,17.9,0.0
2018-01-08T02:00,-10.2,75,19.1,0.0
2018-01-08T03:00,-9.9,77,17.8,0.0
2018-01-08T04:00,-9.4,78,16.8,0.0
2018-01-08T05:00,-9.6,78,15.8,0.0
2018-01-08T06:00,-9.6,77,16.3,0.0
2018-01-08T07:00,-9.6,77,14.5,0.0
2018-01-08T08:00,-9.9,78,9.9,0.0
2018-01-08T09:00,-8.9,77,12.7,0.0
2018-01-08T10:00,-7.8,75,12.7,0.0
2018-01-08T11:00,-6.8,70,14.1,0.0
2018-01-08T12:00,-5.8,67,14.3,0.0
2018-01-08T13:00,-4.6,64,15.5,0.0
2018-01-08T14:00,-3.5,64,16.9,0.0
2018-01-08T15:00,-2.5,65,18.3,0.0
2018-01-08T16:00,-1.8,65,17.1,0.0
2018-01-08T17:00,-1.5,68,15.8,0.0
2018-01-08T18:00,-2.0,76,14.5,0.4
2018-01-08T19:00,-1.8,82,18.4,0.5
2018-01-08T20:00,-1.9,82,14.6,0.1
2018-01-08T21:00,-1.8,81,14.7,0.0
2018-01-08T22:00,-1.9,83,13.2,0.0
2018-01-08T23:00,-1.8,83,12.4,0.0
2018-01-09T00:00,-1.8,85,11.4,0.0
2018-01-09T01:00,-2.0,86,11.3,0.0
2018-01-09T02:00,-2.0,88,12.6,0.0
2018-01-09T03:00,-2.2,88,14.3,0.0
2018-01-09T04:00,-1.5,86,15.8,0.0
2018-01-09T05:00,-1.4,87,16.1,0.0
2018-01-09T06:00,-1.5,89,14.8,0.0
2018-01-09T07:00,-1.5,90,15.5,0.0
2018-01-09T08:00,-1.0,88,16.4,0.0
2018-01-09T09:00,-1.1,89,18.8,0.0
2018-01-09T10:00,-0.2,86,20.6,0.0
2018-01-09T11:00,1.4,80,18.5,0.0
2018-01-09T12:00,2.7,74,14.9,0.0
2018-01-09T13:00,3.3,65,14.2,0.0
2018-01-09T14:00,3.8,62,13.7,0.0
2018-01-09T15:00,3.7,62,11.0,0.0
2018-01-09T16:00,3.2,62,10.7,0.0
2018-01-09T17:00,2.4,66,13.9,0.0
2018-01-09T18:00,1.4,69,15.3,0.0
2018-01-09T19:00,0.6,72,15.8,0.0
2018-01-09T20:00,0.1,73,12.8,0.0
2018-01-09T21:00,-1.5,79,10.6,0.0
2018-01-09T22:00,-4.2,83,12.0,0.0
2018-01-09T23:00,-4.7,82,10.6,0.0
2018-01-10T00:00,-4.2,80,10.5,0.0
2018-01-10T01:00,-5.3,80,9.6,0.0
2018-01-10T02:00,-7.2,84,12.0,0.0
2018-01-10T03:00,-8.8,86,14.0,0.0
2018-01-10T04:00,-9.6,88,13.9,0.0
2018-01-10T05:00,-9.2,88,10.9,0.0
2018-01-10T06:00,-10.1,90,11.5,0.0
2018-01-10T07:00,-10.9,91,11.7,0.0
2018-01-10T08:00,-9.6,91,11.9,0.0
2018-01-10T09:00,-10.2,90,11.4,0.0
2018-01-10T10:00,-7.2,85,7.4,0.0
2018-01-10T11:00,-4.2,75,2.7,0.0
2018-01-10T12:00,-2.7,68,1.0,0.0
2018-01-10T13:00,-1.7,77,2.3,0.0
2018-01-10T14:00,-0.8,74,2.9,0.0
2018-01-10T15:00,-0.6,81,5.2,0.0
2018-01-10T16:00,1.6,68,3.1,0.0
2018-01-10T17:00,1.7,71,7.4,0.0
2018-01-10T18:00,-2.5,88,13.2,0.0
2018-01-10T19:00,1.0,85,10.1,0.0
2018-01-10T20:00,2.0,87,9.0,0.0
2018-01-10T21:00,2.0,87,9.7,0.0
2018-01-10T22:00,2.2,86,11.3,0.0
2018-01-10T23:00,2.3,86,11.0,0.0
2018-01-11T00:00,2.6,87,12.5,0.0
2018-01-11T01:00,2.7,88,10.2,0.0
2018-01-11T02:00,2.2,90,8.3,0.0
2018-01-11T03:00,2.1,90,7.7,0.0
2018-01-11T04:00,2.0,91,6.8,0.0
2018-01-11T05:00,1.8,92,7.4,0.0
2018-01-11T06:00,0.6,93,10.7,0.0
2018-01-11T07:00,0.2,94,10.9,0.0
2018-01-11T08:00,1.2,94,10.9,0.0
2018-01-11T09:00,1.6,95,10.8,0.0
2018-01-11T10:00,3.1,93,9.2,0.0
2018-01-11T11:00,5.0,89,7.4,0.0
2018-01-11T12:00,4.4,92,9.2,0.0
2018-01-11T13:00,5.7,90,8.0,0.0
2018-01-11T14:00,6.2,90,9.1,0.0
2018-01-11T15:00,7.1,89,9.4,0.0
2018-01-11T16:00,11.4,82,11.7,0.0
2018-01-11T17:00,9.6,89,10.6,0.0
2018-01-11T18:00,7.8,93,12.5,0.0
2018-01-11T19:00,7.6,93,14.2,0.0
2018-01-11T20:00,5.1,97,10.8,0.0
2018-01-11T21:00,6.0,97,13.6,0.0
2018-01-11T22:00,6.2,97,12.6,0.0
2018-01-11T23:00,6.9,96,13.7,0.0
2018-01-12T00:00,7.4,95,14.1,0.0
2018-01-12T01:00,7.9,94,14.2,0.0
2018-01-12T02:00,8.4,97,13.3,0.0
2018-01-12T03:00,8.9,98,12.7,0.0
2018-01-12T04:00,10.1,97,17.7,0.0
2018-01-12T05:00,10.6,97,20.6,0.0
2018-01-12T06:00,10.7,96,25.6,0.0
2018-01-12T07:00,10.1,97,23.5,0.0
2018-01-12T08:00,10.5,99,22.7,0.0
2018-01-12T09:00,13.1,97,31.5,1.0
2018-01-12T10:00,13.4,96,35.3,1.5
2018-01-12T11:00,13.2,97,31.7,1.0
2018-01-12T12:00,13.5,97,30.2,0.5
2018-01-12T13:00,14.1,96,29.5,0.6
2018-01-12T14:00,14.1,96,27.7,1.9
2018-01-12T15:00,14.6,97,25.3,3.2
2018-01-12T16:00,14.5,97,23.8,5.2
2018-01-12T17:00,14.1,97,26.4,5.1
2018-01-12T18:00,13.3,99,22.0,3.9
2018-01-12T19:00,13.1,99,18.9,0.2
2018-01-12T20:00,10.9,100,10.8,0.2
2018-01-12T21:00,12.8,99,12.3,1.9
2018-01-12T22:00,12.1,100,14.2,1.4
2018-01-12T23:00,12.2,98,21.3,1.3
2018-01-13T00:00,12.9,98,29.0,0.4
2018-01-13T01:00,12.6,98,24.3,0.8
2018-01-13T02:00,12.9,97,25.2,2.8
2018-01-13T03:00,12.3,98,19.9,0.7
2018-01-13T04:00,13.3,96,23.8,1.1
2018-01-13T05:00,13.4,98,23.8,1.8
2018-01-13T06:00,13.9,95,22.4,0.3
2018-01-13T07:00,2.8,99,28.8,0.9
2018-01-13T08:00,5.2,92,27.3,0.0
2018-01-13T09:00,1.0,81,29.6,0.0
2018-01-13T10:00,-1.3,70,28.6,0.0
2018-01-13T11:00,-2.0,59,29.0,0.0
2018-01-13T12:00,-1.9,51,29.7,0.0
2018-01-13T13:00,-0.6,47,28.2,0.0
2018-01-13T14:00,0.6,45,26.9,0.0
2018-01-13T15:00,0.7,44,25.2,0.0
2018-01-13T16:00,0.2,43,25.0,0.0
2018-01-13T17:00,-1.3,44,25.7,0.0
2018-01-13T18:00,-3.2,43,27.7,0.0
2018-01-13T19:00,-4.4,44,27.8,0.0
2018-01-13T20:00,-4.6,49,24.3,0.0
2018-01-13T21:00,-5.4,48,24.0,0.0
2018-01-13T22:00,-6.4,48,22.4,0.0
2018-01-13T23:00,-7.2,46,23.7,0.0
2018-01-14T00:00,-7.8,45,23.8,0.0
2018-01-14T01:00,-8.3,45,22.6,0.0
2018-01-14T02:00,-8.6,46,20.0,0.0
2018-01-14T03:00,-8.6,47,20.3,0.0
2018-01-14T04:00,-8.8,48,19.8,0.0
2018-01-14T05:00,-8.9,48,18.2,0.0
2018-01-14T06:00,-9.1,48,18.0,0.0
2018-01-14T07:00,-9.2,47,16.2,0.0
2018-01-14T08:00,-9.6,49,15.5,0.0
2018-01-14T09:00,-9.5,47,17.2,0.0
2018-01-14T10:00,-8.8,44,18.6,0.0
2018-01-14T11:00,-7.6,40,18.5,0.0
2018-01-14T12:00,-6.3,35,18.3,0.0
2018-01-14T13:00,-5.2,31,18.1,0.0
2018-01-14T14:00,-4.2,28,18.1,0.0
2018-01-14T15:00,-3.6,26,18.4,0.0
2018-01-14T16:00,-3.5,25,17.3,0.0
2018-01-14T17:00,-4.2,28,16.2,0.0
2018-01-14T18:00,-5.8,32,14.8,0.0
2018-01-14T19:00,-6.7,31,16.8,0.0
2018-01-14T20:00,-7.4,38,15.8,0.0
2018-01-14T21:00,-7.9,39,19.7,0.0
2018-01-14T22:00,-8.4,40,16.8,0.0
2018-01-14T23:00,-8.8,43,16.2,0.0
2018-01-15T00:00,-9.0,44,16.3,0.0
2018-01-15T01:00,-9.1,44,18.4,0.0
2018-01-15T02:00,-9.0,45,16.7,0.0
2018-01-15T03:00,-8.9,44,17.0,0.0
2018-01-15T04:00,-8.9,44,17.0,0.0
2018-01-15T05:00,-8.8,44,17.4,0.0
2018-01-15T06:00,-8.4,42,17.7,0.0
2018-01-15T07:00,-7.9,45,17.8,0.0
2018-01-15T08:00,-7.4,55,16.6,0.0
2018-01-15T09:00,-6.8,61,17.4,0.0
2018-01-15T10:00,-5.8,64,20.0,0.0
2018-01-15T11:00,-4.1,60,20.2,0.0
2018-01-15T12:00,-3.1,59,19.9,0.0
2018-01-15T13:00,-2.3,58,18.7,0.0
2018-01-15T14:00,-2.0,57,16.1,0.0
2018-01-15T15:00,-1.6,57,16.1,0.0
2018-01-15T16:00,-1.8,57,15.5,0.0
2018-01-15T17:00,-2.2,59,14.7,0.0
2018-01-15T18:00,-2.8,64,12.5,0.0
2018-01-15T19:00,-3.0,64,10.4,0.0
2018-01-15T20:00,-3.8,72,8.0,0.0
2018-01-15T21:00,-4.0,72,7.4,0.0
2018-01-15T22:00,-4.1,71,11.3,0.0
2018-01-15T23:00,-4.2,71,7.4,0.0
2018-01-16T00:00,-4.4,73,7.4,0.0
2018-01-16T01:00,-4.4,75,6.2,0.0
2018-01-16T02:00,-4.4,75,2.2,0.0
2018-01-16T03:00,-4.1,75,5.1,0.0
2018-01-16T04:00,-4.2,78,6.6,0.0
2018-01-16T05:00,-4.2,78,4.9,0.0
2018-01-16T06:00,-3.9,76,6.4,0.0
2018-01-16T07:00,-3.8,78,5.7,0.0
2018-01-16T08:00,-3.8,82,3.0,0.0
2018-01-16T09:00,-3.5,82,4.1,0.0
2018-01-16T10:00,-2.7,82,4.1,0.0
2018-01-16T11:00,-1.0,78,3.3,0.0
2018-01-16T12:00,1.4,74,5.9,0.0
2018-01-16T13:00,3.2,71,6.6,0.0
2018-01-16T14:00,4.2,62,10.5,0.0
2018-01-16T15:00,4.2,63,11.5,0.0
2018-01-16T16:00,4.0,72,12.7,0.0
2018-01-16T17:00,3.0,78,11.1,0.0
2018-01-16T18:00,1.5,86,10.1,0.0
2018-01-16T19:00,1.0,88,11.6,0.0
2018-01-16T20:00,-0.6,94,7.4,0.0
2018-01-16T21:00,-0.6,94,8.2,0.0
2018-01-16T22:00,-0.2,93,7.7,0.0
2018-01-16T23:00,-0.2,94,6.8,0.0
2018-01-17T00:00,0.2,93,7.1,0.0
2018-01-17T01:00,0.3,93,7.7,0.1
2018-01-17T02:00,0.5,94,8.1,0.2
2018-01-17T03:00,0.2,96,8.7,0.1
2018-01-17T04:00,0.2,97,9.1,0.2
2018-01-17T05:00,0.4,97,9.5,0.4
2018-01-17T06:00,0.6,97,10.0,0.5
2018-01-17T07:00,0.6,98,14.6,0.6
2018-01-17T08:00,0.4,98,15.2,0.6
2018-01-17T09:00,0.3,95,15.8,1.0
2018-01-17T10:00,0.6,94,14.7,1.0
2018-01-17T11:00,0.9,91,17.1,0.6
2018-01-17T12:00,1.2,89,17.2,0.6
2018-01-17T13:00,1.5,86,16.3,0.4
2018-01-17T14:00,1.5,79,16.8,0.2
2018-01-17T15:00,1.4,72,17.8,0.0
2018-01-17T16:00,0.8,67,17.7,0.0
2018-01-17T17:00,-0.2,65,18.5,0.0
2018-01-17T18:00,-1.8,64,17.3,0.0
2018-01-17T19:00,-2.5,61,17.9,0.0
2018-01-17T20:00,-3.4,63,17.6,0.0
2018-01-17T21:00,-4.1,59,17.6,0.0
2018-01-17T22:00,-5.0,57,20.0,0.0
2018-01-17T23:00,-5.9,58,21.0,0.0
2018-01-18T00:00,-6.5,57,22.8,0.0
2018-01-18T01:00,-6.9,57,16.9,0.0
2018-01-18T02:00,-7.6,60,17.1,0.0
2018-01-18T03:00,-7.9,61,16.4,0.0
2018-01-18T04:00,-8.1,60,13.0,0.0
2018-01-18T05:00,-8.3,61,13.1,0.0
2018-01-18T06:00,-8.5,61,16.6,0.0
2018-01-18T07:00,-8.2,59,8.2,0.0
2018-01-18T08:00,-7.6,63,8.9,0.0
2018-01-18T09:00,-6.9,58,17.7,0.0
2018-01-18T10:00,-5.3,52,23.7,0.0
2018-01-18T11:00,-3.5,45,25.5,0.0
2018-01-18T12:00,-2.2,41,24.7,0.0
2018-01-18T13:00,-1.2,39,23.2,0.0
2018-01-18T14:00,-0.2,37,18.9,0.0
2018-01-18T15:00,0.3,37,19.3,0.0
2018-01-18T16:00,0.4,38,19.5,0.0
2018-01-18T17:00,-0.2,44,14.3,0.0
2018-01-18T18:00,-2.5,52,7.5,0.0
2018-01-18T19:00,-3.2,56,7.4,0.0
2018-01-18T20:00,-3.8,57,8.0,0.0
2018-01-18T21:00,-3.5,57,8.0,0.0
2018-01-18T22:00,-4.0,60,8.8,0.0
2018-01-18T23:00,-4.4,63,9.3,0.0
2018-01-19T00:00,-5.0,66,6.8,0.0
2018-01-19T01:00,-5.4,68,5.6,0.0
2018-01-19T02:00,-5.6,69,7.3,0.0
2018-01-19T03:00,-5.6,68,8.6,0.0
2018-01-19T04:00,-5.5,65,9.4,0.0
2018-01-19T05:00,-5.2,63,11.5,0.0
2018-01-19T06:00,-5.0,63,12.8,0.0
2018-01-19T07:00,-4.8,63,12.9,0.0
2018-01-19T08:00,-4.2,62,13.6,0.0
2018-01-19T09:00,-3.5,59,15.4,0.0
2018-01-19T10:00,-1.9,51,14.2,0.0
2018-01-19T11:00,-0.3,46,15.2,0.0
2018-01-19T12:00,1.4,41,16.6,0.0
2018-01-19T13:00,2.7,38,16.6,0.0
2018-01-19T14:00,3.7,36,18.1,0.0
2018-01-19T15:00,4.0,37,17.3,0.0
2018-01-19T16:00,4.1,38,16.3,0.0
2018-01-19T17:00,3.3,43,13.0,0.0
2018-01-19T18:00,0.6,56,9.8,0.0
2018-01-19T19:00,-0.4,65,9.4,0.0
2018-01-19T20:00,-0.2,69,11.5,0.0
2018-01-19T21:00,-0.4,66,11.8,0.0
2018-01-19T22:00,-0.7,67,10.7,0.0
2018-01-19T23:00,-0.8,68,10.9,0.0
2018-01-20T00:00,-0.8,69,12.5,0.0
2018-01-20T01:00,-0.7,68,13.2,0.0
2018-01-20T02:00,-0.4,65,14.0,0.0
2018-01-20T03:00,0.3,61,16.7,0.0
2018-01-20T04:00,0.6,60,16.4,0.0
2018-01-20T05:00,0.4,61,16.3,0.0
2018-01-20T06:00,0.3,62,18.1,0.0
2018-01-20T07:00,0.4,61,18.2,0.0
2018-01-20T08:00,1.6,57,20.0,0.0
2018-01-20T09:00,2.2,56,19.8,0.0
2018-01-20T10:00,4.1,54,21.1,0.0
2018-01-20T11:00,6.2,50,20.6,0.0
2018-01-20T12:00,8.1,46,22.7,0.0
2018-01-20T13:00,8.9,44,25.7,0.0
2018-01-20T14:00,9.4,44,25.6,0.0
2018-01-20T15:00,9.6,46,24.0,0.0
2018-01-20T16:00,9.4,49,20.3,0.0
2018-01-20T17:00,8.2,53,18.2,0.0
2018-01-20T18:00,6.3,58,16.8,0.0
2018-01-20T19:00,5.2,62,17.5,0.0
2018-01-20T20:00,4.2,65,15.5,0.0
2018-01-20T21:00,4.3,65,15.2,0.0
2018-01-20T22:00,3.8,67,12.4,0.0
2018-01-20T23:00,2.5,74,9.7,0.0
2018-01-21T00:00,1.9,77,9.7,0.0
2018-01-21T01:00,1.5,79,10.1,0.0
2018-01-21T02:00,1.0,81,9.7,0.0
2018-01-21T03:00,0.8,82,9.9,0.0
2018-01-21T04:00,0.3,84,8.9,0.0
2018-01-21T05:00,-0.3,86,8.1,0.0
2018-01-21T06:00,-0.8,87,7.8,0.0
2018-01-21T07:00,-1.2,88,7.2,0.0
2018-01-21T08:00,-1.0,87,7.4,0.0
2018-01-21T09:00,0.2,84,7.4,0.0
2018-01-21T10:00,3.0,76,6.8,0.0
2018-01-21T11:00,5.6,68,7.7,0.0
2018-01-21T12:00,7.4,61,9.0,0.0
2018-01-21T13:00,8.5,58,8.2,0.0
2018-01-21T14:00,9.5,55,8.4,0.0
2018-01-21T15:00,10.2,53,8.6,0.0
2018-01-21T16:00,10.2,52,8.1,0.0
2018-01-21T17:00,9.1,61,5.9,0.0
2018-01-21T18:00,7.2,69,8.9,0.0
2018-01-21T19:00,7.3,72,8.9,0.0
2018-01-21T20:00,5.8,75,6.5,0.0
2018-01-21T21:00,5.9,77,10.8,0.0
2018-01-21T22:00,5.9,79,7.2,0.0
2018-01-21T23:00,5.7,80,7.6,0.0
2018-01-22T00:00,6.0,80,8.0,0.0
2018-01-22T01:00,5.9,82,6.5,0.0
2018-01-22T02:00,6.2,83,8.0,0.2
2018-01-22T03:00,6.1,86,10.2,0.1
2018-01-22T04:00,5.8,88,8.8,0.0
2018-01-22T05:00,5.7,88,6.2,0.0
2018-01-22T06:00,5.3,88,5.9,0.0
2018-01-22T07:00,5.3,88,3.3,0.0
2018-01-22T08:00,5.1,88,1.8,0.0
2018-01-22T09:00,5.1,92,4.4,0.0
2018-01-22T10:00,5.6,93,3.6,0.0
2018-01-22T11:00,7.0,88,4.6,0.0
2018-01-22T12:00,8.1,82,5.9,0.0
2018-01-22T13:00,8.4,82,6.1,0.0
2018-01-22T14:00,8.9,81,7.9,0.0
2018-01-22T15:00,8.9,83,7.0,0.1
2018-01-22T16:00,8.6,86,6.6,0.1
2018-01-22T17:00,8.1,88,8.8,0.0
2018-01-22T18:00,6.7,93,6.7,0.0
2018-01-22T19:00,6.3,91,9.0,0.0
2018-01-22T20:00,4.2,96,12.3,0.0
2018-01-22T21:00,4.6,96,12.7,0.0
2018-01-22T22:00,4.4,98,12.6,0.0
2018-01-22T23:00,4.5,98,11.6,0.0
2018-01-23T00:00,4.4,98,9.8,0.0
2018-01-23T01:00,4.4,97,7.1,0.0
2018-01-23T02:00,5.1,92,11.8,0.0
2018-01-23T03:00,6.1,89,10.6,0.0
2018-01-23T04:00,7.0,94,12.5,0.0
2018-01-23T05:00,7.1,95,9.8,0.0
2018-01-23T06:00,7.2,93,10.9,0.1
2018-01-23T07:00,7.2,95,12.2,1.5
2018-01-23T08:00,6.9,96,13.8,2.7
2018-01-23T09:00,10.3,96,23.4,1.3
2018-01-23T10:00,11.2,96,24.8,0.2
2018-01-23T11:00,12.2,96,30.6,1.1
2018-01-23T12:00,12.4,91,34.9,0.2
2018-01-23T13:00,13.4,90,35.1,0.1
2018-01-23T14:00,13.4,91,28.9,0.1
2018-01-23T15:00,13.9,90,25.8,0.0
2018-01-23T16:00,13.8,89,19.8,0.2
2018-01-23T17:00,12.4,84,16.5,0.0
2018-01-23T18:00,10.8,80,19.9,0.0
2018-01-23T19:00,9.8,73,21.2,0.0
2018-01-23T20:00,8.1,76,15.5,0.0
2018-01-23T21:00,7.6,66,21.0,0.0
2018-01-23T22:00,6.5,61,21.4,0.0
2018-01-23T23:00,5.6,59,19.6,0.0
2018-01-24T00:00,4.8,62,16.2,0.0
2018-01-24T01:00,4.3,62,17.0,0.0
2018-01-24T02:00,3.8,62,16.6,0.0
2018-01-24T03:00,3.4,64,15.4,0.0
2018-01-24T04:00,3.0,67,15.4,0.0
2018-01-24T05:00,2.7,69,16.3,0.0
2018-01-24T06:00,2.4,70,16.5,0.0
2018-01-24T07:00,2.0,68,17.2,0.0
2018-01-24T08:00,4.2,65,13.2,0.0
2018-01-24T09:00,4.7,52,20.1,0.0
2018-01-24T10:00,4.6,50,26.4,0.0
2018-01-24T11:00,4.5,49,25.3,0.0
2018-01-24T12:00,4.6,47,24.9,0.0
2018-01-24T13:00,4.6,46,24.1,0.0
2018-01-24T14:00,4.5,45,24.7,0.0
2018-01-24T15:00,4.1,44,25.1,0.0
2018-01-24T16:00,3.5,44,24.4,0.0
2018-01-24T17:00,2.6,46,22.3,0.0
2018-01-24T18:00,1.0,50,18.2,0.0
2018-01-24T19:00,-0.2,52,16.7,0.0
2018-01-24T20:00,-0.8,56,12.3,0.0
2018-01-24T21:00,-1.3,56,14.6,0.0
2018-01-24T22:00,-1.9,53,16.9,0.0
2018-01-24T23:00,-2.8,54,16.8,0.0
2018-01-25T00:00,-3.5,55,17.1,0.0
2018-01-25T01:00,-4.2,56,15.6,0.0
2018-01-25T02:00,-4.7,57,15.0,0.0
2018-01-25T03:00,-5.0,57,12.8,0.0
2018-01-25T04:00,-5.2,57,10.7,0.0
2018-01-25T05:00,-5.3,56,10.3,0.0
2018-01-25T06:00,-5.6,57,10.7,0.0
2018-01-25T07:00,-5.7,57,11.0,0.0
2018-01-25T08:00,-5.2,54,14.2,0.0
2018-01-25T09:00,-4.2,51,16.8,0.0
2018-01-25T10:00,-2.6,44,21.4,0.0
2018-01-25T11:00,-1.7,38,24.5,0.0
2018-01-25T12:00,-0.9,35,23.7,0.0
2018-01-25T13:00,0.1,32,22.3,0.0
2018-01-25T14:00,0.9,28,21.0,0.0
2018-01-25T15:00,1.4,26,20.7,0.0
2018-01-25T16:00,1.5,25,20.4,0.0
2018-01-25T17:00,0.9,29,16.8,0.0
2018-01-25T18:00,-1.0,33,9.7,0.0
2018-01-25T19:00,-2.8,40,8.2,0.0
2018-01-25T20:00,-3.3,40,9.2,0.0
2018-01-25T21:00,-3.5,41,9.3,0.0
2018-01-25T22:00,-4.2,43,7.8,0.0
2018-01-25T23:00,-4.4,45,7.3,0.0
2018-01-26T00:00,-5.0,50,6.6,0.0
2018-01-26T01:00,-5.2,52,6.5,0.0
2018-01-26T02:00,-5.5,53,6.3,0.0
2018-01-26T03:00,-6.0,55,5.5,0.0
2018-01-26T04:00,-6.2,54,5.7,0.0
2018-01-26T05:00,-6.3,53,5.8,0.0
2018-01-26T06:00,-6.7,54,6.9,0.0
2018-01-26T07:00,-6.6,57,5.6,0.0
2018-01-26T08:00,-5.3,54,5.4,0.0
2018-01-26T09:00,-4.4,49,3.1,0.0
2018-01-26T10:00,-2.7,37,2.7,0.0
2018-01-26T11:00,-1.1,34,0.5,0.0
2018-01-26T12:00,0.1,34,3.1,0.0
2018-01-26T13:00,0.8,38,4.5,0.0
2018-01-26T14:00,1.4,41,7.1,0.0
2018-01-26T15:00,1.6,43,8.6,0.0
2018-01-26T16:00,1.5,46,9.9,0.0
2018-01-26T17:00,0.6,53,12.9,0.0
2018-01-26T18:00,-0.9,66,9.8,0.0
2018-01-26T19:00,-1.2,71,10.6,0.0
2018-01-26T20:00,-1.0,72,10.2,0.0
2018-01-26T21:00,-0.4,75,11.9,0.0
2018-01-26T22:00,-0.7,75,13.2,0.0
2018-01-26T23:00,-1.1,78,12.8,0.0
2018-01-27T00:00,-1.5,80,11.4,0.0
2018-01-27T01:00,-1.8,83,9.5,0.0
2018-01-27T02:00,-1.8,85,8.9,0.0
2018-01-27T03:00,-1.9,87,8.2,0.0
2018-01-27T04:00,-1.8,87,8.6,0.0
2018-01-27T05:00,-1.4,88,9.3,0.0
2018-01-27T06:00,-1.4,88,8.9,0.0
2018-01-27T07:00,-1.1,88,9.9,0.0
2018-01-27T08:00,-0.6,87,10.0,0.0
2018-01-27T09:00,0.4,81,9.9,0.0
2018-01-27T10:00,3.2,66,11.5,0.0
2018-01-27T11:00,6.1,52,15.4,0.0
2018-01-27T12:00,8.6,42,21.6,0.0
2018-01-27T13:00,10.6,39,26.8,0.0
2018-01-27T14:00,11.4,45,26.3,0.0
2018-01-27T15:00,11.6,49,24.7,0.0
2018-01-27T16:00,11.2,56,27.0,0.0
2018-01-27T17:00,10.4,61,26.6,0.0
2018-01-27T18:00,9.6,67,25.8,0.0
2018-01-27T19:00,9.2,71,25.1,0.0
2018-01-27T20:00,9.8,71,20.1,0.0
2018-01-27T21:00,9.8,70,21.3,0.0
2018-01-27T22:00,9.8,69,21.9,0.0
2018-01-27T23:00,9.7,68,23.2,0.0
2018-01-28T00:00,10.1,65,23.3,0.0
2018-01-28T01:00,10.4,65,23.6,0.0
2018-01-28T02:00,10.7,65,24.0,0.0
2018-01-28T03:00,10.6,69,23.0,0.0
2018-01-28T04:00,10.1,78,20.9,0.1
2018-01-28T05:00,9.6,83,19.0,0.3
2018-01-28T06:00,8.8,91,15.8,0.3
2018-01-28T07:00,8.4,93,12.3,0.6
2018-01-28T08:00,6.7,97,8.9,0.8
2018-01-28T09:00,7.9,97,6.7,0.6
2018-01-28T10:00,8.4,97,5.5,0.4
2018-01-28T11:00,9.1,95,3.7,0.2
2018-01-28T12:00,9.4,92,4.4,0.2
2018-01-28T13:00,9.4,90,4.0,0.2
2018-01-28T14:00,9.1,88,2.9,0.3
2018-01-28T15:00,9.3,79,5.2,0.1
2018-01-28T16:00,9.2,79,3.3,0.0
2018-01-28T17:00,8.8,85,3.7,0.0
2018-01-28T18:00,6.9,94,6.8,0.0
2018-01-28T19:00,6.4,96,6.4,0.0
2018-01-28T20:00,6.2,93,6.8,0.0
2018-01-28T21:00,6.6,88,9.1,0.0
2018-01-28T22:00,5.9,83,11.2,0.0
2018-01-28T23:00,5.2,85,12.0,0.0
2018-01-29T00:00,5.0,88,11.1,0.0
2018-01-29T01:00,4.8,91,11.1,0.0
2018-01-29T02:00,4.4,87,14.3,0.0
2018-01-29T03:00,3.7,76,14.9,0.0
2018-01-29T04:00,3.3,68,14.6,0.0
2018-01-29T05:00,3.2,65,16.0,0.0
2018-01-29T06:00,3.0,64,17.9,0.0
2018-01-29T07:00,2.9,64,17.7,0.0
2018-01-29T08:00,2.3,67,16.9,0.0
2018-01-29T09:00,2.5,67,18.2,0.0
2018-01-29T10:00,3.2,66,18.3,0.0
2018-01-29T11:00,4.6,60,18.9,0.0
2018-01-29T12:00,5.6,57,20.7,0.0
2018-01-29T13:00,6.7,54,21.7,0.0
2018-01-29T14:00,6.7,54,23.1,0.0
2018-01-29T15:00,5.9,56,21.4,0.0
2018-01-29T16:00,5.6,60,18.5,0.0
2018-01-29T17:00,5.2,61,16.3,0.0
2018-01-29T18:00,4.5,65,17.2,0.0
2018-01-29T19:00,3.9,69,23.2,0.1
2018-01-29T20:00,3.5,74,14.8,0.1
2018-01-29T21:00,3.2,76,19.1,0.1
2018-01-29T22:00,2.5,80,17.7,0.1
2018-01-29T23:00,1.8,84,18.2,0.1
2018-01-30T00:00,1.2,87,15.8,0.2
2018-01-30T01:00,0.6,84,17.4,0.2
2018-01-30T02:00,-0.2,78,18.5,0.2
2018-01-30T03:00,-0.6,75,16.6,0.2
2018-01-30T04:00,-0.9,74,15.4,0.1
2018-01-30T05:00,-1.1,75,14.5,0.1
2018-01-30T06:00,-1.3,73,13.0,0.1
2018-01-30T07:00,-1.5,73,12.8,0.1
2018-01-30T08:00,-0.9,86,5.0,0.1
2018-01-30T09:00,-0.8,86,7.9,0.3
2018-01-30T10:00,-0.2,82,9.0,0.1
2018-01-30T11:00,0.6,73,10.5,0.1
2018-01-30T12:00,1.4,68,11.8,0.1
2018-01-30T13:00,2.7,62,13.0,0.0
2018-01-30T14:00,3.8,58,15.8,0.0
2018-01-30T15:00,3.5,62,18.8,0.1
2018-01-30T16:00,2.8,56,22.5,0.0
2018-01-30T17:00,1.9,51,23.4,0.0
2018-01-30T18:00,0.2,51,23.4,0.0
2018-01-30T19:00,-1.1,51,25.0,0.0
2018-01-30T20:00,-2.0,51,27.3,0.0
2018-01-30T21:00,-2.8,49,26.0,0.0
2018-01-30T22:00,-3.8,52,25.5,0.0
2018-01-30T23:00,-4.6,54,25.7,0.0
2018-01-31T00:00,-4.9,55,25.7,0.0
2018-01-31T01:00,-5.7,54,23.9,0.0
2018-01-31T02:00,-6.2,55,22.7,0.0
2018-01-31T03:00,-6.6,55,22.4,0.0
2018-01-31T04:00,-7.1,57,21.1,0.0
2018-01-31T05:00,-7.3,59,17.8,0.0
2018-01-31T06:00,-7.6,58,13.3,0.0
2018-01-31T07:00,-7.7,58,12.8,0.0
2018-01-31T08:00,-7.9,59,15.6,0.0
2018-01-31T09:00,-7.5,55,14.8,0.0
2018-01-31T10:00,-6.4,48,15.9,0.0
2018-01-31T11:00,-4.9,47,11.4,0.0
2018-01-31T12:00,-3.3,43,12.1,0.0
2018-01-31T13:00,-2.0,39,9.0,0.0
2018-01-31T14:00,-0.9,37,12.0,0.0
2018-01-31T15:00,-0.2,35,14.5,0.0
2018-01-31T16:00,0.2,35,17.1,0.0
2018-01-31T17:00,0.2,36,15.6,0.0
2018-01-31T18:00,-0.4,41,17.0,0.0
2018-01-31T19:00,-1.5,50,13.6,0.0
2018-01-31T20:00,-2.2,52,13.2,0.0
2018-01-31T21:00,-1.7,51,19.3,0.0
2018-01-31T22:00,-1.6,52,22.7,0.0
2018-01-31T23:00,-1.5,60,16.0,0.0
