date,liczba_przejazdow,temperatura,opady,wiatr,wilgotnosc
2018-01-01,101,-9.757425742574258,0.0,16.38118811881188,40.277227722772274
2018-01-02,394,-7.273350253807106,0.0,16.972081218274113,49.98730964467005
2018-01-03,467,-7.161241970021413,0.0,8.590578158458245,57.76231263383298
2018-01-04,52,-4.9423076923076925,0.9692307692307692,36.86153846153846,65.90384615384616
2018-01-05,121,-12.582644628099173,0.0,24.742975206611572,55.578512396694215
2018-01-06,75,-13.813333333333333,0.0,23.682666666666666,54.973333333333336
2018-01-07,90,-13.717777777777776,0.0,9.354444444444445,65.21111111111111
2018-01-08,323,-5.336222910216718,0.09907120743034056,14.26842105263158,76.17647058823529
2018-01-09,414,0.3113526570048309,0.0,15.092270531400965,76.95652173913044
2018-01-10,509,-3.413948919449902,0.0,9.452652259332023,84.44597249508841
2018-01-11,581,5.426678141135973,0.0,11.292426850258176,92.51807228915662
2018-01-12,377,12.510344827586206,1.7496021220159153,24.25437665782493,97.6870026525199
2018-01-13,302,-0.37119205298013247,0.04933774834437086,27.162582781456955,56.11920529801324
2018-01-14,191,-6.024083769633507,0.0,17.567015706806284,33.738219895287955
2018-01-15,297,-3.613131313131313,0.0,14.748821548821548,60.898989898989896
2018-01-16,525,-0.2497142857142857,0.0,7.749904761904761,81.51428571428572
2018-01-17,402,-0.9922885572139303,0.24353233830845772,16.69502487562189,74.93532338308458
2018-01-18,470,-4.14531914893617,0.0,12.382340425531915,53.57234042553191
2018-01-19,542,-0.6070110701107011,0.0,13.26660516605166,55.32656826568266
2018-01-20,505,6.521386138613861,0.0,20.308514851485146,52.95247524752475
2018-01-21,457,7.111816192560175,0.0,8.198030634573303,64.94091903719912
2018-01-22,666,6.256306306306306,0.007357357357357358,6.53918918918919,89.94744744744744
2018-01-23,524,10.099045801526719,0.5559160305343511,19.999809160305343,84.92366412213741
2018-01-24,615,2.171869918699187,0.0,18.348455284552845,54.31382113821138
2018-01-25,583,-2.497770154373928,0.0,14.077701543739279,41.17667238421956
2018-01-26,587,-2.075298126064736,0.0,7.56473594548552,55.851788756388416
2018-01-27,507,8.378698224852071,0.0,21.544970414201185,59.74161735700197
2018-01-28,287,8.291289198606272,0.10905923344947735,6.902439024390244,86.38675958188153
2018-01-29,693,3.735786435786436,0.02510822510822511,18.403607503607503,66.28138528138528
2018-01-30,485,-0.25360824742268046,0.05855670103092783,18.332577319587628,62.531958762886596
2018-01-31,524,-3.5923664122137406,0.0,15.155343511450381,48.60496183206107
2018-02-01,610,3.899508196721311,0.0036065573770491808,12.859180327868852,64.52131147540983
2018-02-02,494,-3.301417004048583,0.020242914979757085,25.242914979757085,50.79554655870445
2018-02-03,301,-3.064119601328904,0.0,18.58737541528239,36.79734219269103
2018-02-04,273,2.912087912087912,0.36336996336996336,8.384615384615385,73.28205128205128
2018-02-05,559,-1.244186046511628,0.008228980322003577,15.72737030411449,61.51520572450805
2018-02-06,641,-0.8124804992199689,0.0,7.162558502340094,61.43213728549142
2018-02-07,314,1.6369426751592357,1.2398089171974522,17.24012738853503,84.171974522293
2018-02-08,591,-2.555329949238579,0.00016920473773265651,14.188832487309645,56.44670050761421
2018-02-09,581,-1.23855421686747,0.002925989672977625,11.74130808950086,65.92598967297762
2018-02-10,264,6.047727272727272,0.2662878787878788,9.865151515151515,87.48863636363636
2018-02-11,151,11.220529801324503,1.3556291390728477,15.783443708609273,97.76821192052981
2018-02-12,689,4.588824383164005,0.0005805515239477504,18.774310595065312,58.60377358490566
2018-02-13,638,-1.4510971786833855,0.0,10.789498432601881,60.61598746081505
2018-02-14,708,5.7015536723163835,0.014548022598870057,12.209745762711865,74.46186440677967
2018-02-15,703,10.499715504978663,0.02460881934566145,12.837980085348507,89.89046941678521
2018-02-16,523,9.80076481835564,0.3135755258126195,18.235181644359464,84.23326959847036
2018-02-17,331,1.4990936555891239,0.10906344410876133,14.72809667673716,59.26888217522659
2018-02-18,346,3.0936416184971103,0.0026011560693641614,10.969653179190752,62.11849710982659
2018-02-19,388,6.31159793814433,0.0904639175257732,13.223969072164948,79.53350515463917
2018-02-20,779,13.962130937098845,0.003209242618741977,17.62682926829268,85.67008985879332
2018-02-21,883,17.925707814269536,0.28584371460928654,19.135787089467726,83.2955832389581
2018-02-22,528,5.0249999999999995,0.3581439393939394,17.854166666666668,84.14962121212122
2018-02-23,538,3.1983271375464684,0.36579925650557615,11.433457249070631,91.61338289962825
2018-02-24,424,9.369811320754717,0.12452830188679245,11.48820754716981,79.07311320754717
2018-02-25,269,5.978066914498141,0.33680297397769515,10.985130111524164,94.78810408921933
2018-02-26,834,7.635491606714628,0.0,11.017865707434053,64.39448441247002
2018-02-27,862,6.196287703016241,0.0,11.342227378190255,57.106728538283065
2018-02-28,878,9.109339407744875,0.0,13.160820045558088,58.162870159453306
2018-03-01,809,9.687639060568603,0.04561186650185414,10.37070457354759,74.89864029666255
2018-03-02,132,2.867424242424242,1.7143939393939396,37.76969696969697,84.9469696969697
2018-03-03,421,6.110688836104512,0.0,30.278859857482185,56.24940617577197
2018-03-04,384,4.996875,0.0,26.996354166666666,50.778645833333336
2018-03-05,790,2.6903797468354433,0.0,21.312025316455696,58.53544303797468
2018-03-06,732,2.710792349726776,0.004098360655737705,12.445218579234972,71.68715846994536
2018-03-07,147,1.2693877551020407,0.780952380952381,22.80816326530612,95.21088435374149
2018-03-08,306,2.060130718954248,0.0,16.88888888888889,65.38888888888889
2018-03-09,525,1.9851428571428573,0.0,21.693714285714286,60.992380952380955
2018-03-10,415,3.214698795180723,0.0,23.414698795180723,49.2433734939759
2018-03-11,386,3.8518134715025907,0.0,14.345336787564767,53.28238341968912
2018-03-12,728,2.6052197802197803,0.05178571428571429,15.034752747252746,72.46978021978022
2018-03-13,501,2.682235528942116,0.17984031936127742,24.864870259481037,61.49500998003992
2018-03-14,744,1.220295698924731,0.09126344086021507,24.672983870967744,63.52284946236559
2018-03-15,696,3.0410919540229884,0.0,22.482327586206896,56.67528735632184
2018-03-16,652,0.8197852760736196,0.0,26.246472392638037,52.99846625766871
2018-03-17,439,4.882232346241458,0.0,21.29612756264237,41.41457858769932
2018-03-18,382,2.5589005235602094,0.0,17.10261780104712,37.410994764397905
2018-03-19,740,2.9010810810810805,0.0,12.803513513513513,45.494594594594595
2018-03-20,741,0.5102564102564103,0.03063427800269906,15.875978407557355,52.716599190283404
2018-03-21,92,1.125,0.7967391304347826,23.61195652173913,61.15217391304348
2018-03-22,129,4.080620155038759,0.0,15.72248062015504,64.01550387596899
2018-03-23,693,3.2343434343434345,0.0,11.445310245310246,64.11255411255411
2018-03-24,618,6.298543689320389,0.0,17.34029126213592,42.385113268608414
2018-03-25,426,4.397417840375587,0.02910798122065728,16.696948356807514,61.77230046948357
2018-03-26,822,2.9740875912408757,0.0,13.108394160583941,64.3734793187348
2018-03-27,770,2.4945454545454546,0.002077922077922078,8.002857142857142,65.31818181818181
2018-03-28,798,6.449498746867167,0.04047619047619047,8.793233082706767,84.54511278195488
2018-03-29,832,9.226322115384615,0.0751201923076923,9.083774038461538,89.25360576923077
2018-03-30,620,11.988709677419354,0.25887096774193546,17.958870967741934,80.88548387096775
2018-03-31,636,8.333647798742138,0.0,16.596698113207548,44.34591194968554
2018-04-01,495,10.80020202020202,0.0,16.888080808080808,54.76969696969697
2018-04-02,397,2.610831234256927,0.20957178841309823,8.196725440806045,75.66498740554157
2018-04-03,563,3.233570159857904,0.20710479573712254,7.685079928952042,92.96802841918294
2018-04-04,701,9.692582025677604,0.01968616262482168,23.223965763195434,62.582025677603426
2018-04-05,774,3.5648578811369505,0.0,23.154780361757105,38.52325581395349
2018-04-06,633,8.855924170616113,0.08783570300157978,19.570616113744077,62.611374407582936
2018-04-07,573,6.457068062827226,0.0005235602094240838,14.268935427574172,39.05584642233857
2018-04-08,489,4.462372188139059,0.0,19.745807770961147,38.66462167689161
2018-04-09,806,2.9370967741935488,0.0,14.411786600496278,55.86104218362283
2018-04-10,875,5.9397714285714285,0.028228571428571433,12.6928,58.97257142857143
2018-04-11,888,5.557094594594594,0.0037162162162162164,8.551801801801801,63.82432432432432
2018-04-12,966,10.515320910973085,0.029917184265010353,15.07494824016563,65.96997929606626
2018-04-13,1061,20.257021677662582,0.020923656927426957,18.60593779453346,50.01508011310085
2018-04-14,1144,20.015996503496503,0.0,13.067132867132866,64.40472027972028
2018-04-15,348,5.425,0.18333333333333335,26.90948275862069,72.83620689655173
2018-04-16,469,11.636460554371002,0.5302771855010662,31.357995735607677,74.11513859275053
2018-04-17,858,5.674592074592074,0.021794871794871794,22.045571095571095,61.25174825174825
2018-04-18,940,7.77627659574468,0.0,17.858617021276594,54.27340425531915
2018-04-19,761,6.170959264126149,0.30630749014454667,18.825492772667545,73.81471747700394
2018-04-20,819,6.381318681318682,0.0,23.99279609279609,48.085470085470085
2018-04-21,973,12.078211716341213,0.0,15.344398766700925,39.8622816032888
2018-04-22,988,13.475404858299596,0.0,11.576113360323887,37.72267206477733
2018-04-23,1137,10.322867194371153,0.0,12.152858399296393,61.27704485488127
2018-04-24,1104,11.955434782608695,0.043931159420289856,12.467934782608696,65.60326086956522
2018-04-25,638,12.884796238244514,0.6456112852664576,12.149059561128528,95.4090909090909
2018-04-26,1118,15.695885509838998,0.0007155635062611808,15.06690518783542,62.474955277280856
2018-04-27,774,11.549095607235142,0.13979328165374677,9.152583979328165,83.43023255813954
2018-04-28,806,13.301612903225807,0.043548387096774194,15.388213399503721,81.53722084367246
2018-04-29,723,11.899031811894883,0.01590594744121715,22.428492392807744,53.62240663900415
2018-04-30,807,8.630359355638166,0.031598513011152414,19.047459727385377,61.49442379182156
2018-05-01,1223,17.314881439084218,0.0,13.085445625511039,47.86835650040883
2018-05-02,1274,22.331475667189952,0.0,16.839167974882262,44.934065934065934
2018-05-03,1242,24.151771336553946,0.0,17.20233494363929,58.70450885668277
2018-05-04,1249,24.217053642914333,0.0,14.991353082465974,68.69655724579664
2018-05-05,1113,19.143665768194072,0.0,13.248697214734952,47.902066486972146
2018-05-06,831,16.081588447653427,0.019975932611311673,15.062575210589651,69.92298435619735
2018-05-07,1330,16.505413533834588,0.00368421052631579,10.628195488721804,73.03834586466165
2018-05-08,1382,15.296599131693199,0.0,9.674167872648336,74.51736613603474
2018-05-09,1383,15.79240780911063,0.0,8.057194504699927,72.27114967462039
2018-05-10,1231,15.407717303005684,0.05556458164094233,11.284321689683184,81.98943948009749
2018-05-11,1351,18.22139156180607,0.0,13.76639526276832,49.43079200592154
2018-05-12,592,13.881925675675676,0.2699324324324325,12.05439189189189,78.55067567567568
2018-05-13,421,11.908076009501189,0.25273159144893115,11.412351543942993,86.82422802850357
2018-05-14,1268,15.169085173501578,0.006703470031545741,9.126656151419558,86.57097791798107
2018-05-15,1038,22.52418111753372,0.11088631984585741,15.652504816955684,80.6319845857418
2018-05-16,791,16.10252844500632,0.4242730720606827,9.748925410872314,89.40960809102403
2018-05-17,941,17.694155154091394,0.33071200850159405,6.102869287991498,89.4952178533475
2018-05-18,1199,15.821517931609675,0.0,19.282151793160967,60.980817347789824
2018-05-19,370,13.162972972972973,0.6102702702702703,9.834864864864866,94.26486486486486
2018-05-20,1027,23.371665043816943,0.17370983446932814,17.10701071080818,75.16455696202532
2018-05-21,1394,19.001076040172165,0.0,9.796269727403157,66.92898134863701
2018-05-22,1048,16.108396946564884,0.20047709923664123,6.967938931297709,79.88358778625954
2018-05-23,1387,21.756524873828408,0.01715933669790916,11.29942321557318,68.95529920692141
2018-05-24,1480,21.731283783783784,0.0,12.039121621621623,53.78378378378378
2018-05-25,1408,24.776704545454546,0.0,17.75255681818182,54.34019886363637
2018-05-26,975,26.153538461538464,0.2672820512820513,12.29497435897436,70.20615384615385
2018-05-27,449,15.517594654788418,0.3599109131403118,21.454788418708244,89.17371937639199
2018-05-28,918,17.305228758169935,0.0,10.675925925925926,80.92701525054466
2018-05-29,1427,23.74772249474422,0.0,9.518710581639803,77.83251576734408
2018-05-30,1456,18.73179945054945,0.0,13.290384615384616,84.8701923076923
2018-05-31,1232,18.563474025974028,0.10681818181818181,11.973701298701299,89.92207792207792
2018-06-01,1243,21.804183427192275,0.168141592920354,7.579967819790828,90.6283185840708
2018-06-02,1161,25.7724375538329,0.10301464254952626,12.173471145564168,76.76313522825151
2018-06-03,948,16.314135021097044,0.06413502109704641,20.31318565400844,70.87236286919831
2018-06-04,1271,17.08245476003147,0.04343036978756885,9.52816679779701,78.02439024390245
2018-06-05,1566,19.043486590038313,0.009131545338441889,15.300638569604086,65.4080459770115
2018-06-06,1564,17.206905370843987,0.03548593350383632,8.762531969309464,70.15728900255755
2018-06-07,1572,17.13091603053435,0.01272264631043257,13.028117048346056,76.74618320610686
2018-06-08,1469,22.259768550034035,0.02511912865895167,8.651599727705923,69.80803267528931
2018-06-09,1228,23.383957654723126,0.0016286644951140066,8.934364820846906,59.13925081433225
2018-06-10,703,17.787482219061168,0.22290184921763867,7.819061166429588,69.39971550497866
2018-06-11,1558,17.015019255455712,0.0024390243902439024,10.338382541720154,68.20731707317073
2018-06-12,1619,17.962198888202593,0.0,15.694502779493515,68.61272390364422
2018-06-13,1457,21.03445435827042,0.08222374742621825,15.33411118737131,84.90665751544269
2018-06-14,1601,23.222735790131168,0.0,18.852154903185507,52.650843222985635
2018-06-15,1534,20.653259452411998,0.0,15.13011734028683,59.190352020860495
2018-06-16,1155,24.29021645021645,0.0,7.631515151515151,50.52294372294372
2018-06-17,999,26.157157157157158,0.0,10.366566566566567,51.23923923923924
2018-06-18,1360,27.77823529411765,0.013235294117647059,15.668235294117647,66.32426470588236
2018-06-19,1559,26.827838357921745,0.012764592687620271,13.879409878127005,63.165490699166135
2018-06-20,1529,22.95297580117724,0.016481360366252456,11.47246566383257,63.94898626553303
2018-06-21,1504,23.830651595744683,0.02925531914893617,8.222606382978723,68.29321808510639
2018-06-22,1540,20.38103896103896,0.0,14.956818181818182,78.45714285714286
2018-06-23,1004,19.98914342629482,0.47260956175298807,9.6648406374502,84.84661354581674
2018-06-24,1098,25.084153005464483,0.2996357012750455,14.834335154826958,76.03005464480874
2018-06-25,1640,22.927317073170734,0.0,16.081463414634147,62.25548780487805
2018-06-26,1791,20.559073143495254,0.0,15.452931323283082,69.99441652707985
2018-06-27,1508,20.76976127320955,0.25377984084880634,15.523872679045093,76.65517241379311
2018-06-28,1154,24.498440207972273,0.31100519930675913,12.222183708838822,86.58492201039861
2018-06-29,1553,27.05750160978751,0.0,10.305022537025113,62.87443657437218
2018-06-30,1046,27.892351816443597,0.0,10.390917782026769,59.17973231357553
2018-07-01,859,29.864493597206053,0.0,8.018509895227007,66.23981373690337
2018-07-02,1446,27.345781466113415,0.0,9.877939142461964,75.22890733056708
2018-07-03,1237,27.625545675020213,0.04333063864187551,6.081002425222312,83.27890056588521
2018-07-04,1190,26.516050420168067,0.3194957983193278,7.670336134453782,85.94033613445379
2018-07-05,1347,26.817743132887898,0.0028210838901262065,14.724350408314773,83.53897550111358
2018-07-06,1183,24.841589180050722,0.25570583262890956,16.10786136939983,74.5266272189349
2018-07-07,1117,21.45111906893465,0.0,12.744315129811996,51.136078782453
2018-07-08,1154,23.63535528596187,0.0,9.380329289428076,55.09445407279029
2018-07-09,1657,23.578213639106817,0.0,13.85835847917924,67.22570911285456
2018-07-10,1684,27.022624703087885,0.01811163895486936,11.322090261282659,62.60095011876484
2018-07-11,1609,25.121566190180236,0.05692977004350528,14.236855189558732,68.43380981976382
2018-07-12,1628,23.684766584766585,0.0,12.472604422604423,64.01842751842752
2018-07-13,1613,24.147985120892745,0.0,12.373031618102914,63.120272783632984
2018-07-14,1224,28.009232026143792,0.0022058823529411764,17.605228758169932,50.48937908496732
2018-07-15,1036,25.979440154440155,0.5640926640926641,11.656177606177605,75.5926640926641
2018-07-16,1634,27.75452876376989,0.017503059975520197,12.893757649938802,76.5079559363525
2018-07-17,1216,25.884457236842106,0.9611842105263158,13.106496710526315,84.97450657894737
2018-07-18,1706,24.978194607268467,0.0,16.293962485345837,55.159437280187575
2018-07-19,1650,22.79969696969697,0.0,11.774424242424242,58.29939393939394
2018-07-20,1614,22.890892193308552,0.0,11.80092936802974,67.32280049566295
2018-07-21,1122,22.851158645276293,0.2084670231729055,21.074777183600716,59.38324420677362
2018-07-22,906,25.249116997792495,0.1998896247240618,25.055187637969095,81.63134657836645
2018-07-23,1212,24.408993399339934,0.5254125412541254,22.22582508250825,89.56270627062706
2018-07-24,1631,24.872470876762723,0.18338442673206623,23.34040465971796,87.6584917228694
2018-07-25,975,23.357846153846154,1.272102564102564,18.79753846153846,95.3651282051282
2018-07-26,1612,25.792803970223325,0.03511166253101737,9.885483870967741,78.15322580645162
2018-07-27,1081,25.811748381128584,0.12349676225716928,9.519518963922295,83.1073080481036
2018-07-28,1218,25.77463054187192,0.17019704433497537,8.527422003284071,77.49343185550082
2018-07-29,1298,25.63975346687211,0.0,8.86271186440678,59.77812018489985
2018-07-30,1648,23.425849514563108,0.09514563106796117,7.703033980582524,79.49089805825243
2018-07-31,1755,23.47019943019943,0.0,10.343988603988604,74.48433048433048
2018-08-01,1513,26.219563780568404,0.4037673496364838,15.944282881692002,83.79576999339062
2018-08-02,1626,25.89280442804428,0.25977859778597784,12.791020910209102,86.16728167281673
2018-08-03,1510,25.904966887417217,0.27145695364238415,13.44456953642384,83.6046357615894
2018-08-04,974,26.96252566735113,0.49229979466119095,10.983983572895276,72.93326488706366
2018-08-05,1173,28.769479965899404,0.0,7.953537936913896,68.5916453537937
2018-08-06,1658,28.721773220747888,0.0,9.508805790108564,72.00482509047045
2018-08-07,1613,27.04451332920025,0.05864848109113454,13.411345319280843,82.77247365158091
2018-08-08,1700,26.848764705882353,0.39941176470588236,7.1468823529411765,84.45058823529412
2018-08-09,1683,26.940463458110518,0.06411170528817588,11.19982174688057,73.63636363636364
2018-08-10,1578,26.524651457541193,0.012294043092522182,8.208048162230671,68.76679340937896
2018-08-11,734,24.147275204359673,0.5543596730245232,8.23991825613079,88.78610354223433
2018-08-12,1229,24.770626525630593,0.43620829943043127,11.937510170870627,83.71358828315704
2018-08-13,1226,23.23213703099511,0.6570146818923328,11.48042414355628,91.85073409461664
2018-08-14,1530,23.454313725490195,0.11993464052287582,11.739607843137254,86.12941176470588
2018-08-15,1666,26.496458583433373,0.005702280912364946,12.2046818727491,69.95078031212485
2018-08-16,1695,27.728082595870205,0.0,9.371327433628318,67.31032448377582
2018-08-17,1501,26.758760826115925,0.13530979347101932,12.001265822784811,83.17521652231845
2018-08-18,966,26.374948240165633,0.5124223602484472,13.811180124223602,80.1304347826087
2018-08-19,854,21.107025761124124,1.2750585480093677,13.344847775175644,89.50819672131148
2018-08-20,1554,21.472972972972972,0.0761904761904762,12.287323037323038,81.15637065637065
2018-08-21,1702,21.785135135135135,0.12867215041128086,15.24506462984724,81.88777908343125
2018-08-22,1672,24.86704545454545,0.045454545454545456,15.845275119617224,75.39234449760765
2018-08-23,1629,21.79791282995703,0.11847759361571517,12.601718845917741,61.94413750767342
2018-08-24,1566,22.84553001277139,0.0,9.155044699872285,65.98467432950191
2018-08-25,1168,22.94666095890411,0.0,9.793578767123288,65.76198630136986
2018-08-26,1085,25.671244239631335,0.01566820276497696,12.935760368663594,69.62672811059907
2018-08-27,1579,26.2264724509183,0.0,8.438252058264725,80.51868271057631
2018-08-28,1600,29.4545625,0.0,10.9245,69.294375
2018-08-29,1594,29.48030112923463,0.0,12.177728983688832,69.47427854454203
2018-08-30,1569,27.963416188655195,0.007711918419375399,11.645634161886552,68.55768005098788
2018-08-31,1259,22.596346306592533,0.11675933280381255,16.908657664813344,80.24066719618745
2018-09-01,915,22.566338797814208,0.01650273224043716,13.554098360655738,74.00655737704918
2018-09-02,988,24.206376518218626,0.0,12.16578947368421,78.33097165991903
2018-09-03,1030,27.948058252427185,0.008932038834951457,9.7426213592233,81.20291262135922
2018-09-04,1417,28.327311220889204,0.0,6.209174311926605,72.57163020465772
2018-09-05,1621,26.491795188155457,0.0,10.70826650215916,83.11967921036397
2018-09-06,1482,27.365924426450743,0.11828609986504725,11.808704453441296,83.27935222672065
2018-09-07,1600,22.936374999999998,0.36824999999999997,13.55025,88.49625
2018-09-08,1078,19.382467532467533,0.2818181818181818,16.809554730983304,75.29591836734694
2018-09-09,380,15.423421052631578,0.9307894736842105,16.217105263157894,89.32631578947368
2018-09-10,760,16.17263157894737,1.0944736842105263,21.476184210526316,93.71315789473684
2018-09-11,1509,21.66706428098078,0.43976143141153085,6.065738899933732,90.7249834327369
2018-09-12,1212,23.22326732673267,0.6674092409240924,5.860396039603961,93.37376237623762
2018-09-13,1546,22.727554980595087,0.19372574385510996,13.826390685640364,88.20504527813713
2018-09-14,1548,21.63578811369509,0.0417312661498708,11.6140826873385,83.73062015503876
2018-09-15,1271,22.779622344610544,0.014870180959874116,6.2295043273013375,81.25885129819041
2018-09-16,1391,23.479726815240834,0.0,7.7405463695183325,81.63623292595256
2018-09-17,1555,22.352154340836012,0.2015434083601286,12.484501607717043,91.17684887459806
2018-09-18,1308,22.851681957186543,1.331269113149847,13.172171253822631,91.64755351681957
2018-09-19,1685,23.0713353115727,0.02504451038575668,12.150326409495548,79.48427299703265
2018-09-20,1640,19.43548780487805,0.058475609756097564,8.663414634146342,79.56585365853658
2018-09-21,1632,21.244914215686272,0.0,18.308088235294118,76.9546568627451
2018-09-22,1289,19.952521334367727,0.012723041117145072,16.121256788207912,63.47866563227308
2018-09-23,1010,17.271683168316834,0.17227722772277226,9.306732673267327,82.49009900990099
2018-09-24,1656,16.718599033816425,0.005012077294685991,20.2856884057971,72.64673913043478
2018-09-25,532,20.019360902255638,2.4759398496240603,16.34454887218045,95.6203007518797
2018-09-26,1586,23.859079445145017,0.5412988650693569,16.505548549810843,90.3139974779319
2018-09-27,1624,18.442179802955664,0.21089901477832512,12.229864532019704,69.04679802955665
2018-09-28,1222,16.94279869067103,0.48944353518821604,13.365793780687397,80.76595744680851
2018-09-29,1265,19.879762845849804,0.0,9.79604743083004,67.03636363636363
2018-09-30,1245,18.19710843373494,0.0,9.052610441767069,69.72208835341365
2018-10-01,1506,20.691633466135457,0.011288180610889775,10.048937583001328,84.22841965471447
2018-10-02,1702,21.29600470035253,0.7940070505287897,10.075440658049354,88.25088131609871
2018-10-03,1717,20.822539312754806,0.00023296447291788004,10.773442050087361,78.26092020966803
2018-10-04,1597,20.86925485284909,0.15403882279273637,9.238196618659988,88.28991859737008
2018-10-05,1594,17.322898368883312,0.0,13.25414052697616,74.44291091593476
2018-10-06,916,19.194432314410477,0.05600436681222707,13.965174672489084,82.92139737991266
2018-10-07,1124,24.048576512455515,0.005160142348754449,10.0461743772242,80.76690391459074
2018-10-08,1300,19.120153846153848,0.023384615384615386,14.77223076923077,89.08692307692307
2018-10-09,1754,21.786088939566707,0.02748004561003421,11.367673888255418,90.44298745724059
2018-10-10,1696,22.322110849056607,0.017629716981132075,10.921816037735848,92.4622641509434
2018-10-11,1141,22.615425065731817,0.387467134092901,14.724364592462752,94.48378615249781
2018-10-12,1383,14.565509761388284,0.011641359363702098,22.360231381055677,61.48951554591468
2018-10-13,942,11.740021231422507,0.08354564755838642,15.471231422505307,64.19320594479831
2018-10-14,924,12.894696969696968,0.0,10.144696969696968,61.16558441558441
2018-10-15,1286,16.7649300155521,0.3797045101088647,19.05583203732504,90.32348367029549
2018-10-16,1519,10.585977616853192,0.003620803159973667,15.972745227123106,53.16063199473338
2018-10-17,1451,11.881598897312198,0.0067539627842866995,20.869607167470708,60.1461061337009
2018-10-18,1299,7.402078521939953,0.0,16.402078521939952,50.462663587374905
2018-10-19,1380,10.352898550724637,0.006376811594202899,16.504202898550723,66.18840579710145
2018-10-20,951,14.602944269190326,0.01798107255520505,16.580231335436384,71.44900105152472
2018-10-21,676,7.18491124260355,0.0068047337278106515,27.26523668639053,52.55029585798817
2018-10-22,1236,7.790776699029126,0.0,13.252184466019418,65.1779935275081
2018-10-23,1511,12.390469887491728,0.0071475843812045005,13.01455989410986,64.38782263401721
2018-10-24,1407,9.38997867803838,0.0,20.436886993603412,56.22885572139303
2018-10-25,1242,6.830193236714976,0.0,13.626892109500805,64.17471819645732
2018-10-26,1242,7.5308373590982285,0.0014492753623188404,6.466425120772947,68.21578099838969
2018-10-27,206,9.749514563106796,1.5509708737864079,28.21990291262136,94.16504854368932
2018-10-28,647,10.46352395672334,0.015301391035548687,13.565687789799073,73.54404945904173
2018-10-29,1184,10.772297297297296,0.006925675675675677,17.11216216216216,73.49239864864865
2018-10-30,1270,8.110472440944882,0.0,13.709291338582677,63.08740157480315
2018-10-31,1316,12.238677811550152,0.0,13.300607902735564,75.66869300911854
2018-11-01,1421,15.686629134412387,0.003800140745953554,11.021885995777621,83.79591836734694
2018-11-02,1166,19.317324185248715,0.30411663807890227,21.151457975986276,87.18610634648371
2018-11-03,723,12.691701244813279,0.0334716459197787,26.519778699861686,63.23928077455049
2018-11-04,784,9.152423469387756,0.0,6.076785714285714,62.089285714285715
2018-11-05,768,10.811979166666667,0.1923177083333333,17.943098958333334,84.66796875
2018-11-06,1024,12.357421875,0.28544921875,11.21591796875,93.7490234375
2018-11-07,1416,12.895338983050847,0.0,17.141242937853107,62.69915254237288
2018-11-08,1224,8.653186274509803,0.0,10.70514705882353,62.71568627450981
2018-11-09,716,7.040363128491621,0.5040502793296089,13.520251396648044,78.70251396648045
2018-11-10,610,5.776065573770492,0.006721311475409837,25.514754098360655,50.31639344262295
2018-11-11,582,5.216666666666667,0.0,12.801374570446734,54.718213058419245
2018-11-12,1014,5.596449704142012,0.0009861932938856016,6.748816568047338,74.15187376725838
2018-11-13,727,8.16767537826685,0.5751031636863824,19.722283356258597,75.9656121045392
2018-11-14,1048,2.3435114503816794,0.0,21.00047709923664,43.62977099236641
2018-11-15,543,-0.13904235727440148,0.30441988950276244,14.9609576427256,56.72744014732965
2018-11-16,629,3.7848966613672492,0.3689984101748808,23.125914149443563,79.72655007949126
2018-11-17,632,6.172310126582278,0.0,16.918354430379747,67.04113924050633
2018-11-18,560,4.769642857142857,0.07964285714285714,5.448928571428572,64.15535714285714
2018-11-19,1127,6.8279503105590065,0.0,5.995385980479148,85.69299023957409
2018-11-20,1145,5.83703056768559,0.04681222707423581,14.675633187772924,75.79737991266376
2018-11-21,862,4.135730858468677,0.008352668213457077,21.79988399071926,60.428074245939676
2018-11-22,176,-4.815340909090909,0.0,23.814772727272725,41.10795454545455
2018-11-23,311,-3.230225080385852,0.0,8.15176848874598,44.88745980707395
2018-11-24,315,5.18031746031746,0.06158730158730158,10.867301587301586,78.12698412698413
2018-11-25,563,9.870870337477799,0.023978685612788632,11.840674955595027,75.91829484902308
2018-11-26,637,7.781789638932496,1.0709576138147567,18.39513343799058,85.43014128728414
2018-11-27,1139,4.5107989464442495,0.002370500438981563,23.26733977172959,66.73573309920984
2018-11-28,1024,3.5859375,0.0,27.0740234375,57.0947265625
2018-11-29,1070,4.600467289719626,0.0,20.22607476635514,59.589719626168225
2018-11-30,953,3.2815320041972718,0.057397691500524664,3.5782791185729277,79.05351521511018
2018-12-01,586,4.612116040955631,0.06467576791808874,7.408191126279863,76.40102389078498
2018-12-02,301,12.513621262458472,0.47375415282392025,11.694019933554818,98.04651162790698
2018-12-03,1114,9.841113105924595,0.0,19.27369838420108,69.70017953321364
2018-12-04,975,1.7575384615384615,0.0,14.198871794871794,55.343589743589746
2018-12-05,908,-0.7633259911894273,0.0,8.349008810572688,66.47577092511013
2018-12-06,981,1.0227319062181448,0.0,15.56085626911315,62.20285423037716
2018-12-07,893,0.14400895856662932,0.0,13.896416573348263,60.71780515117581
2018-12-08,464,-0.4480603448275862,0.0,11.197844827586207,54.64655172413793
2018-12-09,469,-0.1085287846481876,0.0,7.0575692963752665,59.90618336886994
2018-12-10,926,-0.5876889848812095,0.0,11.944168466522678,66.23866090712743
2018-12-11,1032,-0.9260658914728681,0.0,8.41608527131783,79.43604651162791
2018-12-12,1047,1.242406876790831,0.0,10.298280802292263,67.80515759312321
2018-12-13,872,1.6721330275229356,0.03933486238532111,16.53038990825688,85.32683486238533
2018-12-14,951,6.53049421661409,0.028391167192429023,11.373922187171399,89.88538380651946
2018-12-15,611,8.420785597381343,0.03715220949263502,16.357610474631752,88.71194762684124
2018-12-16,190,3.9426315789473687,0.9089473684210526,26.5,90.29473684210527
2018-12-17,902,4.308203991130821,0.0017738359201773836,18.341574279379156,70.67184035476718
2018-12-18,813,-0.35854858548585483,0.0,19.027552275522755,50.990159901599014
2018-12-19,869,-0.0711162255466053,0.0,8.611967779056387,66.66398158803221
2018-12-20,634,2.5342271293375394,0.2634069400630915,8.125552050473187,86.39274447949526
2018-12-21,457,11.871334792122537,0.7382932166301969,19.598687089715536,96.89715536105032
2018-12-22,479,5.846346555323591,0.03549060542797495,26.144885177453027,63.54279749478079
2018-12-23,382,3.816492146596859,0.0,10.345811518324608,61.37696335078534
2018-12-24,388,4.509278350515464,0.03324742268041237,14.564175257731957,67.65463917525773
2018-12-25,217,2.5691244239631335,0.0,13.733640552995391,56.93087557603687
2018-12-26,565,2.1423008849557523,0.0,9.674513274336284,67.9716814159292
2018-12-27,714,2.0883753501400557,0.0,9.305322128851541,71.35714285714286
2018-12-28,250,11.532800000000002,1.2995999999999999,16.506,96.12
2018-12-29,448,8.214285714285714,0.00044642857142857147,19.974999999999998,61.58482142857143
2018-12-30,408,2.8249999999999997,0.019852941176470587,6.974509803921569,71.47058823529412
2018-12-31,359,3.49108635097493,0.28551532033426186,9.6,88.52089136490251
