date,gender_label,liczba_przejazdow,temperatura,opady,wiatr,wilgotnosc
2018-01-01,Kobiety,17,-10.058823529411764,0.0,16.0,40.11764705882353
2018-01-01,Mężczyźni,84,-9.761904761904763,0.0,16.458333333333332,40.30952380952381
2018-01-02,Kobiety,67,-7.537313432835821,0.0,17.035820895522384,50.91044776119403
2018-01-02,Mężczyźni,322,-7.25776397515528,0.0,16.97857142857143,49.75776397515528
2018-01-02,Unknown,5,-7.6,0.0,15.7,52.4
2018-01-03,Kobiety,84,-6.821428571428571,0.0,8.425,56.523809523809526
2018-01-03,Mężczyźni,372,-7.0,0.0,8.626612903225807,57.865591397849464
2018-01-03,Unknown,13,-8.307692307692308,0.0,8.438461538461539,59.15384615384615
2018-01-04,Kobiety,4,-5.0,1.325,37.6,63.0
2018-01-04,Mężczyźni,48,-4.75,0.9395833333333333,36.800000000000004,66.14583333333333
2018-01-05,Kobiety,17,-12.705882352941176,0.0,22.735294117647058,55.88235294117647
2018-01-05,Mężczyźni,102,-12.607843137254902,0.0,25.091176470588238,55.51960784313726
2018-01-05,Unknown,2,-13.0,0.0,24.05,56.0
2018-01-06,Kobiety,11,-14.090909090909092,0.0,22.827272727272728,56.0
2018-01-06,Mężczyźni,63,-13.777777777777779,0.0,23.93968253968254,54.666666666666664
2018-01-06,Unknown,1,-15.0,0.0,16.9,63.0
2018-01-07,Kobiety,20,-14.45,0.0,8.790000000000001,65.9
2018-01-07,Mężczyźni,69,-13.333333333333334,0.0,9.520289855072463,64.95652173913044
2018-01-07,Unknown,1,-17.0,0.0,9.2,69.0
2018-01-08,Kobiety,58,-5.603448275862069,0.05172413793103448,14.229310344827585,75.17241379310344
2018-01-08,Mężczyźni,257,-5.385214007782102,0.11284046692607004,14.326070038910505,76.45136186770428
2018-01-08,Unknown,8,-8.25,0.0,12.7,74.625
2018-01-09,Kobiety,72,0.041666666666666664,0.0,14.851388888888888,77.55555555555556
2018-01-09,Mężczyźni,333,0.25225225225225223,0.0,15.145945945945947,76.84084084084084
2018-01-09,Unknown,9,0.1111111111111111,0.0,15.033333333333335,76.44444444444444
2018-01-10,Kobiety,85,-3.6823529411764704,0.0,8.910588235294117,83.72941176470589
2018-01-10,Mężczyźni,412,-3.2864077669902914,0.0,9.54004854368932,84.57766990291262
2018-01-10,Unknown,12,-4.25,0.0,10.291666666666666,85.0
2018-01-11,Kobiety,108,5.055555555555555,0.0,11.194444444444445,93.10185185185185
2018-01-11,Mężczyźni,463,5.60475161987041,0.0,11.294600431965442,92.32181425485962
2018-01-11,Unknown,13,5.384615384615385,0.0,11.461538461538462,93.3076923076923
2018-01-12,Kobiety,73,12.36986301369863,1.8465753424657536,23.57945205479452,97.6027397260274
2018-01-12,Mężczyźni,293,12.31740614334471,1.7225255972696245,24.399317406143346,97.72013651877133
2018-01-12,Unknown,11,13.272727272727273,1.8272727272727274,24.872727272727275,97.36363636363636
2018-01-13,Kobiety,79,0.189873417721519,0.04936708860759493,27.530379746835443,60.53164556962025
2018-01-13,Mężczyźni,208,-0.4855769230769231,0.052884615384615384,27.067788461538463,55.125
2018-01-13,Unknown,15,-0.6,0.0,26.54,46.666666666666664
2018-01-14,Kobiety,40,-6.175,0.0,17.5875,34.2
2018-01-14,Mężczyźni,136,-6.176470588235294,0.0,17.564705882352943,33.85294117647059
2018-01-14,Unknown,15,-5.6,0.0,17.533333333333335,31.466666666666665
2018-01-15,Kobiety,59,-3.711864406779661,0.0,15.694915254237289,60.74576271186441
2018-01-15,Mężczyźni,233,-3.6137339055793993,0.0,14.570815450643776,60.858369098712444
2018-01-15,Unknown,5,-3.0,0.0,11.879999999999999,64.6
2018-01-16,Kobiety,106,-0.9622641509433962,0.0,6.980188679245283,81.73584905660377
2018-01-16,Mężczyźni,410,-0.15853658536585366,0.0,7.95390243902439,81.50975609756098
2018-01-16,Unknown,9,0.3333333333333333,0.0,7.522222222222222,79.11111111111111
2018-01-17,Kobiety,81,-0.9629629629629629,0.24197530864197533,16.698765432098764,75.44444444444444
2018-01-17,Mężczyźni,305,-0.9081967213114754,0.23770491803278687,16.678688524590164,74.70163934426229
2018-01-17,Unknown,16,-0.5625,0.3625,16.9875,76.8125
2018-01-18,Kobiety,88,-3.9545454545454546,0.0,12.703409090909092,52.98863636363637
2018-01-18,Mężczyźni,370,-4.1378378378378375,0.0,12.292432432432433,53.72432432432432
2018-01-18,Unknown,12,-4.0,0.0,12.799999999999999,53.166666666666664
2018-01-19,Kobiety,108,-0.3425925925925926,0.0,13.250925925925927,55.675925925925924
2018-01-19,Mężczyźni,421,-0.6460807600950119,0.0,13.227790973871736,55.35391923990499
2018-01-19,Unknown,13,0.07692307692307693,0.0,14.653846153846153,51.53846153846154
2018-01-20,Kobiety,109,6.330275229357798,0.0,20.607339449541282,52.403669724770644
2018-01-20,Mężczyźni,353,6.328611898016997,0.0,20.228328611898018,53.10198300283286
2018-01-20,Unknown,44,7.045454545454546,0.0,20.13181818181818,53.22727272727273
2018-01-21,Kobiety,99,7.141414141414141,0.0,8.127272727272727,64.6969696969697
2018-01-21,Mężczyźni,300,6.76,0.0,8.234,66.28666666666666
2018-01-21,Unknown,58,8.810344827586206,0.0,8.132758620689655,58.39655172413793
2018-01-22,Kobiety,144,6.263888888888889,0.009722222222222222,6.579166666666667,90.04861111111111
2018-01-22,Mężczyźni,510,6.243137254901961,0.006666666666666667,6.517450980392157,89.92549019607843
2018-01-22,Unknown,12,6.0,0.008333333333333333,6.983333333333334,89.66666666666667
2018-01-23,Kobiety,99,9.95959595959596,0.5656565656565656,19.773737373737372,85.1919191919192
2018-01-23,Mężczyźni,416,10.07451923076923,0.5521634615384616,19.968990384615385,84.7860576923077
2018-01-23,Unknown,9,11.222222222222221,0.6222222222222222,23.91111111111111,88.33333333333333
2018-01-24,Kobiety,102,2.2745098039215685,0.0,18.570588235294117,53.745098039215684
2018-01-24,Mężczyźni,497,2.2354124748490944,0.0,18.288531187122736,54.521126760563384
2018-01-24,Unknown,16,1.625,0.0,18.79375,51.5
2018-01-25,Kobiety,115,-2.582608695652174,0.0,14.282608695652174,41.2
2018-01-25,Mężczyźni,451,-2.481152993348115,0.0,13.978270509977827,41.26607538802661
2018-01-25,Unknown,19,-1.5789473684210527,0.0,15.978947368421053,37.63157894736842
2018-01-26,Kobiety,111,-1.8918918918918919,0.0,7.372972972972973,55.96396396396396
2018-01-26,Mężczyźni,460,-1.9869565217391305,0.0,7.631739130434783,55.947826086956525
2018-01-26,Unknown,17,-1.411764705882353,0.0,6.823529411764706,51.470588235294116
2018-01-27,Kobiety,128,8.625,0.0,22.125,59.078125
2018-01-27,Mężczyźni,345,8.211594202898551,0.0,21.209565217391305,60.23478260869565
2018-01-27,Unknown,34,9.205882352941176,0.0,22.764705882352942,57.23529411764706
2018-01-28,Kobiety,59,8.220338983050848,0.14067796610169492,7.198305084745763,86.33898305084746
2018-01-28,Mężczyźni,225,8.16,0.10088888888888889,6.770666666666667,86.50222222222222
2018-01-28,Unknown,3,9.333333333333334,0.10000000000000002,10.966666666666667,78.66666666666667
2018-01-29,Kobiety,131,3.786259541984733,0.024427480916030534,18.367175572519084,65.72519083969466
2018-01-29,Mężczyźni,544,3.5863970588235294,0.02536764705882353,18.409007352941178,66.4154411764706
2018-01-29,Unknown,19,3.3684210526315788,0.021052631578947368,18.389473684210525,66.0
2018-01-30,Kobiety,94,-0.2765957446808511,0.0702127659574468,17.367021276595743,64.31914893617021
2018-01-30,Mężczyźni,373,-0.32439678284182305,0.05603217158176943,18.58498659517426,62.1260053619303
2018-01-30,Unknown,18,0.2222222222222222,0.05,18.144444444444446,61.611111111111114
2018-01-31,Kobiety,83,-4.144578313253012,0.0,15.40722891566265,49.975903614457835
2018-01-31,Mężczyźni,423,-3.619385342789598,0.0,15.125768321513002,48.413711583924346
2018-01-31,Unknown,19,-3.4210526315789473,0.0,14.552631578947368,46.578947368421055
2018-02-01,Kobiety,109,3.834862385321101,0.002752293577981652,12.35137614678899,65.39449541284404
2018-02-01,Mężczyźni,483,3.8592132505175982,0.0037267080745341614,12.948654244306418,64.33747412008282
2018-02-01,Unknown,19,3.8947368421052633,0.005263157894736842,13.700000000000001,63.526315789473685
2018-02-02,Kobiety,90,-3.2888888888888888,0.02,25.495555555555555,51.98888888888889
2018-02-02,Mężczyźni,387,-3.4211886304909562,0.020930232558139535,25.13953488372093,50.71576227390181
2018-02-02,Unknown,17,-3.4705882352941178,0.0058823529411764705,26.258823529411764,46.294117647058826
2018-02-03,Kobiety,67,-2.925373134328358,0.0,18.750746268656716,35.134328358208954
2018-02-03,Mężczyźni,225,-3.0044444444444443,0.0,18.518222222222224,37.26222222222222
2018-02-03,Unknown,9,-3.6666666666666665,0.0,19.1,37.55555555555556
2018-02-04,Kobiety,49,3.061224489795918,0.32653061224489793,8.312244897959184,73.04081632653062
2018-02-04,Mężczyźni,213,2.924882629107981,0.3826291079812207,8.463849765258216,73.50704225352112
2018-02-04,Unknown,13,3.3076923076923075,0.13076923076923078,7.423076923076923,69.15384615384616
2018-02-05,Kobiety,105,-1.2095238095238094,0.0,16.726666666666667,59.48571428571429
2018-02-05,Mężczyźni,434,-1.1682027649769586,0.010368663594470046,15.45253456221198,61.86175115207373
2018-02-05,Unknown,20,-0.7,0.005,16.445,64.65
2018-02-06,Kobiety,126,-0.8095238095238095,0.0,7.057936507936508,60.095238095238095
2018-02-06,Mężczyźni,496,-0.8770161290322581,0.0,7.206250000000001,61.54838709677419
2018-02-06,Unknown,19,-2.0526315789473686,0.0,6.71578947368421,67.26315789473684
2018-02-07,Kobiety,49,1.7959183673469388,1.1795918367346938,17.808163265306124,83.77551020408163
2018-02-07,Mężczyźni,259,1.6023166023166022,1.2277992277992278,17.103474903474904,84.07722007722008
2018-02-07,Unknown,6,4.166666666666667,2.25,18.5,91.5
2018-02-08,Kobiety,99,-2.5454545454545454,0.0,14.094949494949496,56.55555555555556
2018-02-08,Mężczyźni,473,-2.6617336152219875,0.00021141649048625794,14.17632135306554,56.51585623678647
2018-02-08,Unknown,19,-2.3157894736842106,0.0,14.989473684210527,54.1578947368421
2018-02-09,Kobiety,115,-0.8521739130434782,0.0026086956521739132,11.637391304347826,64.65217391304348
2018-02-09,Mężczyźni,446,-1.34304932735426,0.002914798206278027,11.807399103139014,66.41479820627802
2018-02-09,Unknown,20,-1.6,0.005,10.865,62.35
2018-02-10,Kobiety,46,5.739130434782608,0.12608695652173912,10.195652173913043,86.15217391304348
2018-02-10,Mężczyźni,203,6.078817733990148,0.3039408866995074,9.7935960591133,87.85714285714286
2018-02-10,Unknown,15,6.066666666666666,0.18666666666666665,9.82,86.6
2018-02-11,Kobiety,25,11.12,1.364,16.072,97.8
2018-02-11,Mężczyźni,119,11.134453781512605,1.388235294117647,15.421848739495799,97.78151260504201
2018-02-11,Unknown,7,12.428571428571429,0.7714285714285715,20.900000000000002,97.42857142857143
2018-02-12,Kobiety,116,4.681034482758621,0.0,18.519827586206898,56.939655172413794
2018-02-12,Mężczyźni,561,4.661319073083779,0.0007130124777183602,18.778966131907307,58.884135472370765
2018-02-12,Unknown,12,5.25,0.0,21.016666666666666,61.583333333333336
2018-02-13,Kobiety,115,-1.391304347826087,0.0,10.634782608695652,60.14782608695652
2018-02-13,Mężczyźni,506,-1.3893280632411067,0.0,10.854347826086958,60.784584980237156
2018-02-13,Unknown,17,-0.8823529411764706,0.0,9.905882352941177,58.76470588235294
2018-02-14,Kobiety,128,6.09375,0.01171875,12.6984375,72.8046875
2018-02-14,Mężczyźni,565,5.780530973451327,0.015575221238938054,12.080530973451328,74.89734513274337
2018-02-14,Unknown,16,5.8125,0.0,12.7375,72.875
2018-02-15,Kobiety,127,10.275590551181102,0.003937007874015748,12.538582677165355,90.32283464566929
2018-02-15,Mężczyźni,556,10.433453237410072,0.02931654676258993,12.881294964028777,89.86510791366906
2018-02-15,Unknown,20,11.2,0.025,13.535,87.85
2018-02-16,Kobiety,121,9.892561983471074,0.29669421487603304,18.86694214876033,83.9090909090909
2018-02-16,Mężczyźni,385,9.742857142857142,0.3197402597402597,18.12025974025974,84.3012987012987
2018-02-16,Unknown,17,11.117647058823529,0.29411764705882354,16.341176470588238,85.0
2018-02-17,Kobiety,66,1.4242424242424243,0.04393939393939394,15.942424242424243,57.0
2018-02-17,Mężczyźni,247,1.3562753036437247,0.13238866396761134,14.58825910931174,59.92307692307692
2018-02-17,Unknown,18,0.8333333333333334,0.027777777777777776,12.194444444444445,58.611111111111114
2018-02-18,Kobiety,70,3.3,0.0,10.88857142857143,61.385714285714286
2018-02-18,Mężczyźni,256,3.00390625,0.0035156249999999997,11.008203125,62.44140625
2018-02-18,Unknown,20,3.45,0.0,10.76,60.55
2018-02-19,Kobiety,70,6.7,0.09714285714285714,13.642857142857142,78.65714285714286
2018-02-19,Mężczyźni,306,6.326797385620915,0.09183006535947713,13.083006535947712,80.02941176470588
2018-02-19,Unknown,12,6.333333333333333,0.016666666666666666,14.375,72.0
2018-02-20,Kobiety,144,14.17361111111111,0.0041666666666666675,17.566666666666666,84.97222222222223
2018-02-20,Mężczyźni,604,13.950331125827814,0.0024834437086092716,17.59867549668874,85.87086092715232
2018-02-20,Unknown,31,13.935483870967742,0.012903225806451613,18.45483870967742,85.0
2018-02-21,Kobiety,161,17.869565217391305,0.44347826086956516,18.973913043478262,83.83229813664596
2018-02-21,Mężczyźni,678,17.976401179941004,0.2669616519174041,19.03805309734513,83.64749262536873
2018-02-21,Unknown,44,20.40909090909091,0.0,21.23409090909091,75.9090909090909
2018-02-22,Kobiety,92,4.826086956521739,0.44673913043478264,17.746739130434783,85.56521739130434
2018-02-22,Mężczyźni,424,5.120283018867925,0.3379716981132076,17.849999999999998,83.87735849056604
2018-02-22,Unknown,12,5.75,0.39166666666666666,18.825,82.91666666666667
2018-02-23,Kobiety,93,3.193548387096774,0.3817204301075269,11.495698924731181,92.0752688172043
2018-02-23,Mężczyźni,428,3.1448598130841123,0.366588785046729,11.392990654205606,91.63084112149532
2018-02-23,Unknown,17,2.5294117647058822,0.25882352941176473,12.111764705882353,88.6470588235294
2018-02-24,Kobiety,96,9.645833333333334,0.08645833333333335,11.735416666666666,77.91666666666667
2018-02-24,Mężczyźni,310,9.30967741935484,0.13838709677419356,11.37774193548387,79.61612903225806
2018-02-24,Unknown,18,10.0,0.08888888888888889,12.072222222222223,75.88888888888889
2018-02-25,Kobiety,44,6.045454545454546,0.4227272727272727,12.313636363636363,94.4090909090909
2018-02-25,Mężczyźni,217,5.870967741935484,0.30414746543778803,10.653917050691245,94.87096774193549
2018-02-25,Unknown,8,6.0,0.75,12.6625,94.625
2018-02-26,Kobiety,138,7.456521739130435,0.0,10.878985507246377,64.68840579710145
2018-02-26,Mężczyźni,676,7.609467455621302,0.0,11.05414201183432,64.44526627218934
2018-02-26,Unknown,20,8.3,0.0,10.75,60.65
2018-02-27,Kobiety,148,6.358108108108108,0.0,11.135135135135135,56.1554054054054
2018-02-27,Mężczyźni,689,6.246734397677794,0.0,11.37822931785196,57.41509433962264
2018-02-27,Unknown,25,7.12,0.0,11.575999999999999,54.24
2018-02-28,Kobiety,148,8.527027027027026,0.0,12.728378378378379,59.0
2018-02-28,Mężczyźni,703,9.19203413940256,0.0,13.147083926031295,58.23044096728307
2018-02-28,Unknown,27,10.703703703703704,0.0,15.88888888888889,51.81481481481482
2018-03-01,Kobiety,139,9.546762589928058,0.012949640287769784,9.884892086330936,75.23021582733813
2018-03-01,Mężczyźni,641,9.60374414976599,0.053978159126365055,10.49173166926677,74.97815912636506
2018-03-01,Unknown,29,10.89655172413793,0.017241379310344827,10.024137931034483,71.55172413793103
2018-03-02,Kobiety,14,2.4285714285714284,1.9357142857142857,36.128571428571426,88.42857142857143
2018-03-02,Mężczyźni,116,2.7327586206896552,1.6741379310344826,37.88706896551724,84.47413793103448
2018-03-02,Unknown,2,2.0,2.5,42.45,88.0
2018-03-03,Kobiety,86,5.976744186046512,0.0,30.42093023255814,56.41860465116279
2018-03-03,Mężczyźni,319,6.1347962382445145,0.0,30.16959247648903,56.125391849529784
2018-03-03,Unknown,16,6.0,0.0,31.69375,57.8125
2018-03-04,Kobiety,90,5.377777777777778,0.0,27.42888888888889,49.93333333333333
2018-03-04,Mężczyźni,268,4.947761194029851,0.0,26.90223880597015,51.33955223880597
2018-03-04,Unknown,26,5.076923076923077,0.0,26.46923076923077,47.92307692307692
2018-03-05,Kobiety,128,2.71875,0.0,22.0375,58.0390625
2018-03-05,Mężczyźni,641,2.6911076443057724,0.0,21.163026521060843,58.63182527301092
2018-03-05,Unknown,21,2.619047619047619,0.0,21.438095238095237,58.61904761904762
2018-03-06,Kobiety,130,2.753846153846154,0.003076923076923077,12.527692307692307,71.00769230769231
2018-03-06,Mężczyźni,587,2.5144804088586032,0.004429301533219762,12.474446337308347,71.99148211243612
2018-03-06,Unknown,15,3.6,0.0,10.586666666666668,65.66666666666667
2018-03-07,Kobiety,15,1.1333333333333333,0.5399999999999999,21.459999999999997,95.33333333333333
2018-03-07,Mężczyźni,129,1.2248062015503876,0.8062015503875969,22.924031007751935,95.26356589147287
2018-03-07,Unknown,3,1.0,0.9,24.566666666666663,92.33333333333333
2018-03-08,Kobiety,43,2.302325581395349,0.0,16.82790697674419,64.04651162790698
2018-03-08,Mężczyźni,245,2.1142857142857143,0.0,16.98,65.82448979591837
2018-03-08,Unknown,18,2.7222222222222223,0.0,15.794444444444444,62.666666666666664
2018-03-09,Kobiety,82,2.3048780487804876,0.0,22.532926829268295,59.23170731707317
2018-03-09,Mężczyźni,426,1.8779342723004695,0.0,21.503521126760564,61.35446009389671
2018-03-09,Unknown,17,2.1176470588235294,0.0,22.41176470588235,60.411764705882355
2018-03-10,Kobiety,80,3.0375,0.0,22.805,50.7875
2018-03-10,Mężczyźni,301,3.299003322259136,0.0,23.251495016611294,49.04983388704319
2018-03-10,Unknown,34,3.6470588235294117,0.0,26.294117647058822,47.3235294117647
2018-03-11,Kobiety,76,3.8026315789473686,0.0,15.342105263157896,52.48684210526316
2018-03-11,Mężczyźni,267,3.662921348314607,0.0,14.069288389513108,53.9250936329588
2018-03-11,Unknown,43,4.488372093023256,0.0,14.29767441860465,50.69767441860465
2018-03-12,Kobiety,127,2.62992125984252,0.04173228346456693,14.995275590551183,72.09448818897638
2018-03-12,Mężczyźni,584,2.6763698630136985,0.05496575342465754,15.022431506849315,72.63698630136986
2018-03-12,Unknown,17,3.5294117647058822,0.017647058823529415,15.75294117647059,69.52941176470588
2018-03-13,Kobiety,73,2.835616438356164,0.136986301369863,24.72876712328767,60.04109589041096
2018-03-13,Mężczyźni,420,2.664285714285714,0.18857142857142858,24.881666666666664,61.766666666666666
2018-03-13,Unknown,8,3.0,0.1125,25.225,60.5
2018-03-14,Kobiety,108,1.1851851851851851,0.07962962962962962,24.739814814814817,62.879629629629626
2018-03-14,Mężczyźni,609,1.1642036124794746,0.09211822660098522,24.598029556650246,63.90147783251231
2018-03-14,Unknown,27,2.259259259259259,0.11851851851851852,26.0962962962963,57.55555555555556
2018-03-15,Kobiety,116,3.293103448275862,0.0,22.675,55.61206896551724
2018-03-15,Mężczyźni,564,3.0336879432624113,0.0,22.440070921985818,56.90425531914894
2018-03-15,Unknown,16,3.25,0.0,22.575,56.3125
2018-03-16,Kobiety,95,1.1894736842105262,0.0,26.929473684210524,51.589473684210525
2018-03-16,Mężczyźni,533,0.9662288930581614,0.0,26.123639774859285,53.28705440900563
2018-03-16,Unknown,24,0.625,0.0,26.270833333333332,52.166666666666664
2018-03-17,Kobiety,99,4.555555555555555,0.0,21.945454545454545,41.505050505050505
2018-03-17,Mężczyźni,308,4.8896103896103895,0.0,20.88896103896104,41.79220779220779
2018-03-17,Unknown,32,6.8125,0.0,23.20625,37.5
2018-03-18,Kobiety,76,2.3947368421052633,0.0,17.623684210526317,37.328947368421055
2018-03-18,Mężczyźni,274,2.5072992700729926,0.0,16.723722627737228,37.56934306569343
2018-03-18,Unknown,32,3.6875,0.0,19.109375,36.25
2018-03-19,Kobiety,143,3.4055944055944054,0.0,13.08041958041958,43.04195804195804
2018-03-19,Mężczyźni,572,2.784965034965035,0.0,12.6993006993007,46.00174825174825
2018-03-19,Unknown,25,2.44,0.0,13.604,47.92
2018-03-20,Kobiety,131,0.5190839694656488,0.03282442748091603,16.03053435114504,51.93129770992366
2018-03-20,Mężczyźni,583,0.37735849056603776,0.030017152658662092,15.813722126929674,52.96569468267582
2018-03-20,Unknown,27,0.2962962962962963,0.03333333333333333,16.47037037037037,51.148148148148145
2018-03-21,Kobiety,13,1.0769230769230769,0.7384615384615386,23.299999999999997,60.0
2018-03-21,Mężczyźni,79,1.1139240506329113,0.8063291139240507,23.663291139240506,61.34177215189873
2018-03-22,Kobiety,22,3.8181818181818183,0.0,15.7,64.86363636363636
2018-03-22,Mężczyźni,102,4.196078431372549,0.0,15.722549019607843,63.745098039215684
2018-03-22,Unknown,5,3.4,0.0,15.819999999999999,65.8
2018-03-23,Kobiety,131,3.236641221374046,0.0,11.599236641221374,64.35114503816794
2018-03-23,Mężczyźni,539,3.326530612244898,0.0,11.424675324675325,64.0352504638219
2018-03-23,Unknown,23,3.260869565217391,0.0,11.052173913043479,64.56521739130434
2018-03-24,Kobiety,135,6.274074074074074,0.0,17.453333333333333,42.355555555555554
2018-03-24,Mężczyźni,398,5.8793969849246235,0.0,17.098241206030153,43.66834170854271
2018-03-24,Unknown,85,7.905882352941177,0.0,18.294117647058822,36.423529411764704
2018-03-25,Kobiety,94,4.648936170212766,0.026595744680851064,16.68617021276596,60.98936170212766
2018-03-25,Mężczyźni,306,4.294117647058823,0.030065359477124187,16.522875816993466,62.205882352941174
2018-03-25,Unknown,26,4.576923076923077,0.026923076923076925,18.784615384615385,59.5
2018-03-26,Kobiety,149,3.0,0.0,13.36979865771812,63.38255033557047
2018-03-26,Mężczyźni,644,2.8043478260869565,0.0,13.06444099378882,64.5776397515528
2018-03-26,Unknown,29,2.896551724137931,0.0,12.741379310344827,64.93103448275862
2018-03-27,Kobiety,151,2.834437086092715,0.0013245033112582781,8.022516556291391,63.45695364238411
2018-03-27,Mężczyźni,596,2.5083892617449663,0.0023489932885906043,8.013087248322147,65.92281879194631
2018-03-27,Unknown,23,3.0,0.0,7.608695652173913,61.869565217391305
2018-03-28,Kobiety,153,6.470588235294118,0.03529411764705882,8.779084967320262,84.58823529411765
2018-03-28,Mężczyźni,623,6.518459069020866,0.043178170144462284,8.785232744783306,84.60834670947031
2018-03-28,Unknown,25,6.92,0.0,8.8,82.44
2018-03-29,Kobiety,147,9.122448979591837,0.08571428571428572,8.945578231292517,89.81632653061224
2018-03-29,Mężczyźni,657,9.228310502283104,0.0726027397260274,9.14566210045662,89.09741248097413
2018-03-29,Unknown,28,9.214285714285714,0.07857142857142858,8.357142857142858,89.96428571428571
2018-03-30,Kobiety,111,12.17117117117117,0.24954954954954955,18.063963963963964,81.15315315315316
2018-03-30,Mężczyźni,475,11.955789473684211,0.26463157894736844,17.965894736842102,80.87789473684211
2018-03-30,Unknown,34,12.205882352941176,0.20882352941176469,17.51764705882353,80.11764705882354
2018-03-31,Kobiety,127,8.661417322834646,0.0,15.812598425196851,43.669291338582674
2018-03-31,Mężczyźni,425,8.16470588235294,0.0,16.655529411764707,44.68941176470588
2018-03-31,Unknown,84,8.773809523809524,0.0,17.48452380952381,43.63095238095238
2018-04-01,Kobiety,105,11.40952380952381,0.0,18.38190476190476,53.82857142857143
2018-04-01,Mężczyźni,321,10.526479750778817,0.0,16.498442367601246,55.0
2018-04-01,Unknown,69,11.057971014492754,0.0,16.42753623188406,55.130434782608695
2018-04-02,Kobiety,67,2.2238805970149254,0.15522388059701492,8.632835820895522,77.86567164179104
2018-04-02,Mężczyźni,312,2.5416666666666665,0.22820512820512823,8.206089743589745,75.26282051282051
2018-04-02,Unknown,18,3.0,0.08888888888888889,6.411111111111111,74.44444444444444
2018-04-03,Kobiety,86,3.255813953488372,0.25813953488372093,7.95,92.95348837209302
2018-04-03,Mężczyźni,462,3.2662337662337664,0.2012987012987013,7.646969696969697,92.97402597402598
2018-04-03,Unknown,15,3.3333333333333335,0.09333333333333332,7.34,92.86666666666666
2018-04-04,Kobiety,130,9.861538461538462,0.021538461538461538,23.01153846153846,63.39230769230769
2018-04-04,Mężczyźni,544,9.586397058823529,0.02022058823529412,23.197426470588233,62.39889705882353
2018-04-04,Unknown,27,9.777777777777779,0.0,24.78148148148148,62.370370370370374
2018-04-05,Kobiety,146,3.4794520547945207,0.0,22.68013698630137,38.705479452054796
2018-04-05,Mężczyźni,601,3.6838602329450914,0.0,23.207154742096506,38.509151414309486
2018-04-05,Unknown,28,3.5714285714285716,0.0,24.707142857142856,37.642857142857146
2018-04-06,Kobiety,111,8.936936936936936,0.09189189189189188,20.065765765765768,62.630630630630634
2018-04-06,Mężczyźni,500,8.748,0.0882,19.2954,62.538
2018-04-06,Unknown,22,9.454545454545455,0.05909090909090909,23.327272727272728,64.18181818181819
2018-04-07,Kobiety,111,6.513513513513513,0.0,14.402702702702703,38.747747747747745
2018-04-07,Mężczyźni,415,6.467469879518072,0.0007228915662650604,14.173012048192772,39.06265060240964
2018-04-07,Unknown,47,6.702127659574468,0.0,14.8,39.723404255319146
2018-04-08,Kobiety,101,4.623762376237623,0.0,20.56831683168317,37.851485148514854
2018-04-08,Mężczyźni,335,4.2477611940298505,0.0,19.405671641791045,39.42686567164179
2018-04-08,Unknown,53,5.188679245283019,0.0,20.328301886792456,35.39622641509434
2018-04-09,Kobiety,146,3.191780821917808,0.0,13.497260273972602,53.95890410958904
2018-04-09,Mężczyźni,635,2.820472440944882,0.0,14.635590551181103,56.420472440944884
2018-04-09,Unknown,25,3.76,0.0,14.068,52.76
2018-04-10,Kobiety,158,5.822784810126582,0.027848101265822787,12.7,59.721518987341774
2018-04-10,Mężczyźni,681,5.883994126284875,0.02848751835535977,12.639207048458148,59.10425844346549
2018-04-10,Unknown,36,6.722222222222222,0.025,13.675,53.19444444444444
2018-04-11,Kobiety,190,5.778947368421052,0.005789473684210527,8.193684210526316,61.78947368421053
2018-04-11,Mężczyźni,675,5.505185185185185,0.0032592592592592595,8.642074074074074,64.43555555555555
2018-04-11,Unknown,23,5.782608695652174,0.0,8.86086956521739,62.69565217391305
2018-04-12,Kobiety,171,10.608187134502923,0.03099415204678363,15.260233918128655,65.11695906432749
2018-04-12,Mężczyźni,766,10.486945169712794,0.029503916449086162,15.085248041775456,66.24151436031332
2018-04-12,Unknown,29,10.241379310344827,0.034482758620689655,13.710344827586209,63.827586206896555
2018-04-13,Kobiety,217,20.262672811059907,0.02304147465437788,18.280184331797237,50.336405529953915
2018-04-13,Mężczyźni,772,20.0919689119171,0.022020725388601035,18.698316062176165,50.295336787564764
2018-04-13,Unknown,72,22.319444444444443,0.002777777777777778,18.59722222222222,46.041666666666664
2018-04-14,Kobiety,265,20.411320754716982,0.0,12.20377358490566,63.70943396226415
2018-04-14,Mężczyźni,639,19.66510172143975,0.0,13.183098591549296,64.64945226917058
2018-04-14,Unknown,240,20.583333333333332,0.0,13.711666666666668,64.52083333333333
2018-04-15,Kobiety,77,5.467532467532467,0.15844155844155847,27.048051948051945,72.15584415584415
2018-04-15,Mężczyźni,251,5.410358565737051,0.19402390438247014,26.846613545816734,73.199203187251
2018-04-15,Unknown,20,5.3,0.145,27.165,70.9
2018-04-16,Kobiety,81,11.876543209876543,0.47283950617283954,31.730864197530863,73.46913580246914
2018-04-16,Mężczyźni,375,11.541333333333334,0.5032000000000001,31.2624,74.112
2018-04-16,Unknown,14,11.714285714285714,1.5500000000000003,31.971428571428568,77.85714285714286
2018-04-17,Kobiety,167,5.92814371257485,0.024550898203592818,22.367664670658684,60.78443113772455
2018-04-17,Mężczyźni,667,5.779610194902549,0.020839580209895053,21.95832083958021,61.35382308845577
2018-04-17,Unknown,24,5.75,0.02916666666666667,22.229166666666668,61.666666666666664
2018-04-18,Kobiety,177,8.090395480225988,0.0,17.975141242937852,53.355932203389834
2018-04-18,Mężczyźni,732,7.64207650273224,0.0,17.931284153005464,54.474043715846996
2018-04-18,Unknown,32,8.28125,0.0,15.225,55.125
2018-04-19,Kobiety,136,6.198529411764706,0.2867647058823529,18.741176470588236,73.1029411764706
2018-04-19,Mężczyźni,602,6.269102990033223,0.31478405315614616,18.76129568106312,74.12126245847176
2018-04-19,Unknown,24,6.416666666666667,0.19166666666666668,21.220833333333335,69.83333333333333
2018-04-20,Kobiety,161,6.291925465838509,0.0,24.113664596273292,48.037267080745345
2018-04-20,Mężczyźni,635,6.3858267716535435,0.0,23.96283464566929,48.07244094488189
2018-04-20,Unknown,24,6.25,0.0,24.016666666666666,48.5
2018-04-21,Kobiety,274,12.295620437956204,0.0,15.572627737226275,38.92335766423358
2018-04-21,Mężczyźni,620,11.770967741935484,0.0,15.16725806451613,40.553225806451614
2018-04-21,Unknown,79,12.620253164556962,0.0,15.943037974683545,37.69620253164557
2018-04-22,Kobiety,215,13.53953488372093,0.0,11.921395348837208,37.711627906976744
2018-04-22,Mężczyźni,548,13.22992700729927,0.0,11.733941605839416,38.7992700729927
2018-04-22,Unknown,225,14.426666666666666,0.0,10.861777777777778,35.111111111111114
2018-04-23,Kobiety,211,10.412322274881516,0.0,12.162085308056872,60.90521327014218
2018-04-23,Mężczyźni,855,10.025730994152047,0.0,12.203040935672515,62.07368421052632
2018-04-23,Unknown,71,13.056338028169014,0.0,11.52112676056338,52.7887323943662
2018-04-24,Kobiety,231,12.277056277056277,0.03896103896103896,13.365367965367966,64.43722943722943
2018-04-24,Mężczyźni,826,11.828087167070217,0.04600484261501211,12.143220338983049,66.18765133171912
2018-04-24,Unknown,47,13.0,0.031914893617021274,13.763829787234043,61.06382978723404
2018-04-25,Kobiety,118,13.033898305084746,0.6813559322033899,12.351694915254237,95.35593220338983
2018-04-25,Mężczyźni,500,12.93,0.6317999999999999,12.0524,95.416
2018-04-25,Unknown,20,12.7,0.78,13.37,95.55
2018-04-26,Kobiety,230,15.92608695652174,0.0004347826086956522,14.901304347826088,61.30434782608695
2018-04-26,Mężczyźni,818,15.447432762836186,0.00012224938875305625,15.127506112469437,63.12836185819071
2018-04-26,Unknown,70,16.17142857142857,0.008571428571428572,14.902857142857144,58.68571428571428
2018-04-27,Kobiety,151,11.28476821192053,0.13642384105960265,9.120529801324503,83.45033112582782
2018-04-27,Mężczyźni,577,11.457538994800693,0.13968804159445405,9.15632582322357,83.19930675909879
2018-04-27,Unknown,47,11.127659574468085,0.15106382978723407,9.217021276595744,86.19148936170212
2018-04-28,Kobiety,197,13.111675126903553,0.03807106598984772,15.270558375634517,81.85786802030456
2018-04-28,Mężczyźni,473,13.101479915433403,0.05327695560253699,15.018604651162791,81.89640591966173
2018-04-28,Unknown,136,13.580882352941176,0.01764705882352941,16.844117647058823,79.82352941176471
2018-04-29,Kobiety,179,12.083798882681565,0.013966480446927373,22.85530726256983,52.899441340782126
2018-04-29,Mężczyźni,439,11.715261958997722,0.01776765375854214,22.28109339407745,53.94077448747153
2018-04-29,Unknown,105,12.133333333333333,0.011428571428571429,22.31714285714286,53.523809523809526
2018-04-30,Kobiety,142,8.591549295774648,0.03732394366197183,19.07112676056338,61.690140845070424
2018-04-30,Mężczyźni,631,8.700475435816164,0.030903328050713153,18.980982567353408,61.67353407290016
2018-04-30,Unknown,34,8.735294117647058,0.020588235294117647,20.18235294117647,57.35294117647059
2018-05-01,Kobiety,241,17.24896265560166,0.0,13.133195020746887,47.76348547717842
2018-05-01,Mężczyźni,914,17.291028446389497,0.0,13.05875273522976,48.09737417943107
2018-05-01,Unknown,69,18.666666666666668,0.0,13.271014492753624,45.08695652173913
2018-05-02,Kobiety,235,21.91063829787234,0.0,16.518297872340426,45.672340425531914
2018-05-02,Mężczyźni,955,22.219895287958114,0.0,16.819371727748692,45.091099476439794
2018-05-02,Unknown,85,24.31764705882353,0.0,17.989411764705885,41.0
2018-05-03,Kobiety,266,24.32330827067669,0.0,17.607894736842105,57.921052631578945
2018-05-03,Mężczyźni,898,24.179287305122493,0.0,17.0271714922049,58.96770601336303
2018-05-03,Unknown,80,25.35,0.0,17.785,58.325
2018-05-04,Kobiety,258,24.43798449612403,0.0,15.389922480620156,68.13953488372093
2018-05-04,Mężczyźni,921,24.172638436482085,0.0,14.823778501628665,68.95222584147666
2018-05-04,Unknown,71,24.12676056338028,0.0,15.592957746478872,67.63380281690141
2018-05-05,Kobiety,231,18.939393939393938,0.0,13.284415584415585,48.35497835497836
2018-05-05,Mężczyźni,689,19.134978229317852,0.0,13.306386066763427,48.1611030478955
2018-05-05,Unknown,193,19.88082901554404,0.0,13.0,46.43523316062176
2018-05-06,Kobiety,179,16.139664804469273,0.03128491620111731,15.792178770949722,69.42458100558659
2018-05-06,Mężczyźni,520,15.878846153846155,0.012884615384615385,15.106153846153846,70.07115384615385
2018-05-06,Unknown,132,15.734848484848484,0.03257575757575758,13.901515151515152,70.01515151515152
2018-05-07,Kobiety,265,16.41509433962264,0.0037735849056603774,10.63132075471698,73.21509433962264
2018-05-07,Mężczyźni,1018,16.481335952848724,0.0038310412573673873,10.601669941060903,72.9106090373281
2018-05-07,Unknown,49,16.040816326530614,0.0,11.185714285714287,74.9795918367347
2018-05-08,Kobiety,287,15.275261324041812,0.0,9.62822299651568,74.34843205574913
2018-05-08,Mężczyźni,1028,15.264591439688717,0.0,9.671400778210117,74.6556420233463
2018-05-08,Unknown,69,15.492753623188406,0.0,9.921739130434784,73.28985507246377
2018-05-09,Kobiety,273,15.868131868131869,0.0,7.765934065934066,71.80952380952381
2018-05-09,Mężczyźni,1035,15.682125603864733,0.0,8.077004830917875,72.51980676328502
2018-05-09,Unknown,77,16.12987012987013,0.0,8.805194805194805,70.50649350649351
2018-05-10,Kobiety,252,15.341269841269842,0.04841269841269841,11.131746031746031,82.05952380952381
2018-05-10,Mężczyźni,927,15.351672060409925,0.0581445523193096,11.272815533980582,81.98058252427184
2018-05-10,Unknown,53,15.358490566037736,0.04339622641509434,12.126415094339624,82.05660377358491
2018-05-11,Kobiety,284,18.169014084507044,0.0,13.727112676056338,49.235915492957744
2018-05-11,Mężczyźni,994,18.19215291750503,0.0,13.777867203219317,49.583501006036215
2018-05-11,Unknown,73,18.34246575342466,0.0,13.763013698630138,48.10958904109589
2018-05-12,Kobiety,120,13.833333333333334,0.32166666666666666,11.7,78.41666666666667
2018-05-12,Mężczyźni,419,13.813842482100238,0.26515513126491647,12.136992840095465,78.82577565632458
2018-05-12,Unknown,53,14.20754716981132,0.19056603773584904,12.20377358490566,76.67924528301887
2018-05-13,Kobiety,92,11.891304347826088,0.23043478260869565,11.230434782608697,86.53260869565217
2018-05-13,Mężczyźni,298,11.86241610738255,0.2553691275167785,11.441275167785236,87.0
2018-05-13,Unknown,31,11.935483870967742,0.29354838709677417,11.674193548387096,86.0
2018-05-14,Kobiety,267,15.198501872659175,0.003745318352059925,8.92621722846442,86.53183520599251
2018-05-14,Mężczyźni,939,15.247071352502662,0.007880724174653887,9.238977635782748,86.61341853035144
2018-05-14,Unknown,63,15.19047619047619,0.0015873015873015873,8.412698412698413,86.06349206349206
2018-05-15,Kobiety,232,22.400862068965516,0.11293103448275862,15.672844827586207,80.71551724137932
2018-05-15,Mężczyźni,745,22.387919463087247,0.11221476510067113,15.531543624161074,80.87248322147651
2018-05-15,Unknown,62,23.35483870967742,0.08548387096774193,16.940322580645162,77.64516129032258
2018-05-16,Kobiety,161,16.055900621118013,0.43478260869565216,9.728571428571428,89.80745341614907
2018-05-16,Mężczyźni,590,16.357627118644068,0.41491525423728814,9.75186440677966,89.2677966101695
2018-05-16,Unknown,41,16.26829268292683,0.5073170731707317,9.74390243902439,89.82926829268293
2018-05-17,Kobiety,180,17.41111111111111,0.39166666666666666,5.916111111111111,89.9
2018-05-17,Mężczyźni,714,17.561624649859944,0.319047619047619,6.171288515406163,89.35714285714286
2018-05-17,Unknown,47,17.404255319148938,0.274468085106383,5.778723404255319,90.04255319148936
2018-05-18,Kobiety,240,15.729166666666666,0.0,19.57,61.32083333333333
2018-05-18,Mężczyźni,899,15.809788654060068,0.0,19.211790878754172,61.04115684093437
2018-05-18,Unknown,62,15.516129032258064,0.0,19.31451612903226,58.62903225806452
2018-05-19,Kobiety,80,12.8875,0.77,10.48625,95.3375
2018-05-19,Mężczyźni,261,13.264367816091953,0.5563218390804597,9.471264367816092,94.27969348659003
2018-05-19,Unknown,29,12.758620689655173,0.6551724137931034,11.310344827586206,91.17241379310344
2018-05-20,Kobiety,249,23.698795180722893,0.15542168674698795,17.481927710843372,73.83935742971887
2018-05-20,Mężczyźni,598,22.964882943143813,0.18561872909698995,17.018060200668895,76.94147157190635
2018-05-20,Unknown,180,24.155555555555555,0.15944444444444444,16.883888888888887,71.09444444444445
2018-05-21,Kobiety,273,19.194139194139193,0.0,9.67069597069597,66.46520146520146
2018-05-21,Mężczyźni,1018,19.06777996070727,0.0,9.84557956777996,67.22200392927309
2018-05-21,Unknown,105,19.409523809523808,0.0,9.553333333333333,65.08571428571429
2018-05-22,Kobiety,214,15.976635514018692,0.19719626168224297,6.684579439252336,80.42523364485982
2018-05-22,Mężczyźni,788,16.125634517766496,0.20101522842639594,7.044162436548223,79.76522842639594
2018-05-22,Unknown,48,16.25,0.2125,7.050000000000001,79.35416666666667
2018-05-23,Kobiety,297,21.976430976430976,0.017171717171717175,11.44983164983165,68.27946127946127
2018-05-23,Mężczyźni,1041,21.85014409221902,0.017002881844380403,11.212391930835736,69.1757925072046
2018-05-23,Unknown,51,22.019607843137255,0.0196078431372549,12.125490196078431,68.3921568627451
2018-05-24,Kobiety,334,21.778443113772454,0.0,11.902994011976048,53.66467065868263
2018-05-24,Mężczyźni,1069,21.703461178671656,0.0,12.092797006548176,54.001870907390085
2018-05-24,Unknown,78,22.23076923076923,0.0,11.87948717948718,51.5
2018-05-25,Kobiety,295,24.769491525423728,0.0,17.73525423728814,54.545762711864406
2018-05-25,Mężczyźni,1012,24.788537549407113,0.0,17.72905138339921,54.26679841897233
2018-05-25,Unknown,101,25.415841584158414,0.0,18.03861386138614,54.475247524752476
2018-05-26,Kobiety,213,26.107981220657276,0.2323943661971831,12.04413145539906,70.3755868544601
2018-05-26,Mężczyźni,563,26.25044404973357,0.2886323268206039,12.436944937833037,70.31083481349911
2018-05-26,Unknown,199,26.472361809045225,0.2442211055276382,12.16180904522613,69.7286432160804
2018-05-27,Kobiety,80,15.55,0.54125,21.432499999999997,89.7375
2018-05-27,Mężczyźni,321,15.545171339563863,0.3317757009345794,21.74454828660436,88.98442367601245
2018-05-27,Unknown,48,16.5,0.24583333333333335,19.554166666666667,89.5
2018-05-28,Kobiety,176,16.988636363636363,0.0,10.208522727272728,80.97727272727273
2018-05-28,Mężczyźni,540,16.951851851851853,0.0,10.747777777777777,81.94074074074074
2018-05-28,Unknown,202,18.287128712871286,0.0,10.891089108910892,78.17326732673267
2018-05-29,Kobiety,272,23.727941176470587,0.0,9.059926470588236,78.01102941176471
2018-05-29,Mężczyźni,1091,23.769019248395967,0.0,9.67846012832264,77.79010082493126
2018-05-29,Unknown,64,23.75,0.0,8.7453125,77.796875
2018-05-30,Kobiety,283,19.081272084805654,0.0,13.502826855123676,84.62897526501767
2018-05-30,Mężczyźni,1093,18.763037511436412,0.0,13.209240622140896,85.08600182982617
2018-05-30,Unknown,80,19.675,0.0,13.647499999999999,82.775
2018-05-31,Kobiety,249,18.417670682730925,0.0963855421686747,12.028915662650604,89.96787148594377
2018-05-31,Mężczyźni,941,18.422954303931988,0.11253985122210415,11.934006376195537,89.92986184909671
2018-05-31,Unknown,44,18.704545454545453,0.04090909090909091,12.509090909090908,89.43181818181819
2018-06-01,Kobiety,242,21.541322314049587,0.17603305785123968,7.590082644628099,91.19834710743801
2018-06-01,Mężczyźni,918,21.730936819172115,0.16884531590413943,7.537908496732026,90.53376906318083
2018-06-01,Unknown,84,22.047619047619047,0.14166666666666666,7.992857142857143,90.10714285714286
2018-06-02,Kobiety,250,25.896,0.09720000000000001,12.2828,76.184
2018-06-02,Mężczyźni,734,25.649863760217983,0.09604904632152589,12.043188010899183,77.14441416893733
2018-06-02,Unknown,177,25.864406779661017,0.1401129943502825,12.559322033898304,76.0
2018-06-03,Kobiety,215,16.293023255813953,0.06697674418604652,20.047441860465117,70.68372093023255
2018-06-03,Mężczyźni,617,16.166936790923824,0.07147487844408427,20.381847649918964,71.09238249594813
2018-06-03,Unknown,116,16.57758620689655,0.01982758620689655,20.44051724137931,70.05172413793103
2018-06-04,Kobiety,275,17.123636363636365,0.039636363636363636,9.456363636363637,78.04
2018-06-04,Mężczyźni,920,16.910869565217393,0.04793478260869565,9.708478260869564,78.49565217391304
2018-06-04,Unknown,76,18.94736842105263,0.002631578947368421,7.605263157894737,72.26315789473684
2018-06-05,Kobiety,333,18.786786786786788,0.0078078078078078084,15.128528528528529,66.07807807807808
2018-06-05,Mężczyźni,1160,18.964655172413792,0.009224137931034482,15.30646551724138,65.3344827586207
2018-06-05,Unknown,74,19.39189189189189,0.013513513513513514,16.013513513513512,63.54054054054054
2018-06-06,Kobiety,358,17.181564245810055,0.036312849162011177,8.358659217877095,69.45530726256983
2018-06-06,Mężczyźni,1135,17.158590308370044,0.035506607929515425,8.967577092511014,70.65022026431718
2018-06-06,Unknown,72,17.944444444444443,0.030555555555555558,7.498611111111111,65.88888888888889
2018-06-07,Kobiety,333,17.10810810810811,0.011111111111111112,12.956456456456456,76.77177177177177
2018-06-07,Mężczyźni,1165,17.047210300429185,0.01313304721030043,13.011931330472102,76.85064377682403
2018-06-07,Unknown,74,17.37837837837838,0.013513513513513514,13.605405405405405,74.98648648648648
2018-06-08,Kobiety,325,22.29230769230769,0.019076923076923078,8.753538461538461,70.50461538461539
2018-06-08,Mężczyźni,1062,22.448210922787194,0.027024482109227876,8.589171374764597,69.61111111111111
2018-06-08,Unknown,82,22.76829268292683,0.024390243902439025,9.05609756097561,69.59756097560975
2018-06-09,Kobiety,269,23.687732342007436,0.0018587360594795538,8.93271375464684,58.05576208178439
2018-06-09,Mężczyźni,742,23.257412398921833,0.0017520215633423182,8.938948787061994,60.38409703504043
2018-06-09,Unknown,217,24.13364055299539,0.0009216589861751152,8.92073732718894,56.225806451612904
2018-06-10,Kobiety,164,17.841463414634145,0.20365853658536584,7.722560975609756,69.08536585365853
2018-06-10,Mężczyźni,458,17.72707423580786,0.2244541484716157,7.755676855895197,69.84934497816595
2018-06-10,Unknown,81,18.02469135802469,0.25308641975308643,8.37283950617284,67.49382716049382
2018-06-11,Kobiety,324,17.015432098765434,0.006172839506172839,10.294753086419753,67.96913580246914
2018-06-11,Mężczyźni,1145,16.83842794759825,0.0015720524017467249,10.36890829694323,68.53711790393012
2018-06-11,Unknown,89,17.719101123595507,0.0,10.104494382022471,64.8314606741573
2018-06-12,Kobiety,356,17.797752808988765,0.0,15.579775280898875,69.43539325842697
2018-06-12,Mężczyźni,1167,17.970865467009425,0.0,15.6751499571551,68.43787489288775
2018-06-12,Unknown,96,18.135416666666668,0.0,16.355208333333334,67.6875
2018-06-13,Kobiety,334,21.131736526946106,0.08083832335329341,15.379041916167665,84.88622754491018
2018-06-13,Mężczyźni,1054,21.112903225806452,0.08064516129032258,15.332068311195446,84.91366223908918
2018-06-13,Unknown,69,21.028985507246375,0.11304347826086956,15.147826086956522,84.89855072463769
2018-06-14,Kobiety,361,23.238227146814406,0.0,18.606094182825487,52.78393351800554
2018-06-14,Mężczyźni,1163,23.26999140154772,0.0,18.922957867583836,52.68271711092004
2018-06-14,Unknown,77,23.428571428571427,0.0,18.936363636363634,51.54545454545455
2018-06-15,Kobiety,356,20.769662921348313,0.0,14.966011235955055,59.014044943820224
2018-06-15,Mężczyźni,1065,20.654460093896713,0.0,15.345539906103287,59.16056338028169
2018-06-15,Unknown,113,20.575221238938052,0.0,13.616814159292035,60.02654867256637
2018-06-16,Kobiety,275,24.465454545454545,0.0,7.614181818181819,49.85454545454545
2018-06-16,Mężczyźni,707,24.198019801980198,0.0,7.714992927864215,51.36067892503536
2018-06-16,Unknown,173,24.878612716763005,0.0,7.317919075144508,48.16184971098266
2018-06-17,Kobiety,215,26.251162790697673,0.0,10.144651162790698,50.84186046511628
2018-06-17,Mężczyźni,613,26.050570962479608,0.0,10.21957585644372,51.8189233278956
2018-06-17,Unknown,171,26.47953216374269,0.0,11.17251461988304,49.66081871345029
2018-06-18,Kobiety,313,28.022364217252395,0.01597444089456869,15.791693290734825,65.9297124600639
2018-06-18,Mężczyźni,988,27.675101214574898,0.012145748987854251,15.637449392712552,66.46052631578948
2018-06-18,Unknown,59,27.74576271186441,0.01694915254237288,15.528813559322035,66.13559322033899
2018-06-19,Kobiety,331,26.634441087613293,0.010876132930513595,13.86404833836858,63.74320241691843
2018-06-19,Mężczyźni,1158,26.83678756476684,0.010535405872193438,13.867271157167531,63.13557858376511
2018-06-19,Unknown,70,26.67142857142857,0.05857142857142858,14.152857142857144,60.92857142857143
2018-06-20,Kobiety,335,23.202985074626866,0.016716417910447763,11.369552238805971,62.54029850746269
2018-06-20,Mężczyźni,1122,22.98306595365419,0.017112299465240646,11.571479500891266,64.60873440285205
2018-06-20,Unknown,72,23.791666666666668,0.005555555555555556,10.408333333333333,60.22222222222222
2018-06-21,Kobiety,321,24.037383177570092,0.015264797507788162,8.166666666666666,67.1588785046729
2018-06-21,Mężczyźni,1111,23.805580558055805,0.03456345634563456,8.269036903690369,68.72637263726372
2018-06-21,Unknown,72,23.90277777777778,0.009722222222222222,7.7555555555555555,66.66666666666667
2018-06-22,Kobiety,315,20.4031746031746,0.0,15.00222222222222,78.0031746031746
2018-06-22,Mężczyźni,1120,20.26607142857143,0.0,14.858125,78.60446428571429
2018-06-22,Unknown,105,20.247619047619047,0.0,15.873333333333333,78.24761904761905
2018-06-23,Kobiety,225,19.84,0.5057777777777778,9.821333333333332,85.33333333333333
2018-06-23,Mężczyźni,647,20.06336939721793,0.4775888717156105,9.881916537867077,84.7001545595054
2018-06-23,Unknown,132,20.439393939393938,0.39166666666666666,8.334090909090909,84.73484848484848
2018-06-24,Kobiety,260,25.123076923076923,0.24884615384615386,15.485,76.3
2018-06-24,Mężczyźni,649,25.084745762711865,0.3041602465331279,14.60431432973806,76.29275808936826
2018-06-24,Unknown,189,25.465608465608465,0.353968253968254,14.72910052910053,74.75661375661376
2018-06-25,Kobiety,377,23.087533156498672,0.0,15.935013262599469,60.80106100795756
2018-06-25,Mężczyźni,1178,22.875212224108658,0.0,15.981494057724959,62.84295415959253
2018-06-25,Unknown,85,23.258823529411764,0.0,18.11647058823529,60.56470588235294
2018-06-26,Kobiety,394,20.390862944162436,0.0,15.6494923857868,69.86802030456853
2018-06-26,Mężczyźni,1305,20.3455938697318,0.0,15.354712643678162,70.2007662835249
2018-06-26,Unknown,92,20.82608695652174,0.0,16.004347826086956,67.6086956521739
2018-06-27,Kobiety,336,20.797619047619047,0.25535714285714284,15.633928571428571,76.71428571428571
2018-06-27,Mężczyźni,1077,20.753946146703807,0.24837511606313833,15.465552460538534,76.69452181987
2018-06-27,Unknown,95,21.094736842105263,0.30947368421052635,15.795789473684213,76.0
2018-06-28,Kobiety,242,24.55785123966942,0.309504132231405,12.007851239669423,86.62809917355372
2018-06-28,Mężczyźni,850,24.5,0.31729411764705884,12.352823529411765,86.6470588235294
2018-06-28,Unknown,62,24.774193548387096,0.2306451612903226,11.26774193548387,85.56451612903226
2018-06-29,Kobiety,339,26.899705014749262,0.0,9.95221238938053,64.54572271386431
2018-06-29,Mężczyźni,1127,27.25465838509317,0.0,10.406921029281278,62.535048802129545
2018-06-29,Unknown,87,27.551724137931036,0.0,10.359770114942528,60.758620689655174
2018-06-30,Kobiety,272,28.02573529411765,0.0,10.296323529411765,58.60294117647059
2018-06-30,Mężczyźni,630,27.63968253968254,0.0,10.456984126984127,59.77460317460317
2018-06-30,Unknown,144,28.333333333333332,0.0,10.280555555555555,57.666666666666664
2018-07-01,Kobiety,221,29.74660633484163,0.0,7.924886877828055,66.27601809954751
2018-07-01,Mężczyźni,538,29.71003717472119,0.0,7.98364312267658,66.40892193308551
2018-07-01,Unknown,100,30.11,0.0,8.413,65.25
2018-07-02,Kobiety,343,27.60932944606414,0.0,10.131778425655977,74.57725947521865
2018-07-02,Mężczyźni,1017,27.38053097345133,0.0,9.7110127826942,75.49065880039332
2018-07-02,Unknown,86,27.662790697674417,0.0,10.839534883720932,74.73255813953489
2018-07-03,Kobiety,294,27.54421768707483,0.04251700680272109,5.697619047619047,83.49319727891157
2018-07-03,Mężczyźni,863,27.64310544611819,0.042989571263035924,6.17369640787949,83.32213209733487
2018-07-03,Unknown,80,28.1,0.05,6.49,82.025
2018-07-04,Kobiety,278,26.323741007194243,0.28489208633093527,7.740287769784174,86.72302158273381
2018-07-04,Mężczyźni,662,26.463746223564954,0.34305135951661636,7.548640483383686,85.90181268882175
2018-07-04,Unknown,250,26.68,0.29560000000000003,7.9148000000000005,85.172
2018-07-05,Kobiety,290,26.79310344827586,0.0027586206896551726,15.054137931034482,83.15172413793104
2018-07-05,Mężczyźni,963,26.69158878504673,0.002596053997923157,14.547767393561786,83.67289719626169
2018-07-05,Unknown,94,26.78723404255319,0.005319148936170213,15.51595744680851,83.36170212765957
2018-07-06,Kobiety,252,24.849206349206348,0.2567460317460318,16.150793650793652,73.88095238095238
2018-07-06,Mężczyźni,870,24.867816091954023,0.2611494252873563,16.128045977011492,75.00804597701149
2018-07-06,Unknown,61,24.81967213114754,0.1737704918032787,15.642622950819671,70.32786885245902
2018-07-07,Kobiety,263,21.581749049429657,0.0,13.053992395437263,50.21673003802282
2018-07-07,Mężczyźni,650,21.386153846153846,0.0,12.627846153846155,51.64769230769231
2018-07-07,Unknown,204,21.808823529411764,0.0,12.716176470588234,50.69117647058823
2018-07-08,Kobiety,290,23.858620689655172,0.0,9.277241379310345,54.2
2018-07-08,Mężczyźni,667,23.442278860569715,0.0,9.157271364317841,56.155922038980506
2018-07-08,Unknown,197,24.101522842639593,0.0,10.287309644670051,52.81725888324873
2018-07-09,Kobiety,368,23.616847826086957,0.0,13.69891304347826,67.03532608695652
2018-07-09,Mężczyźni,1230,23.565040650406505,0.0,13.848536585365855,67.29186991869919
2018-07-09,Unknown,59,23.8135593220339,0.0,15.057627118644067,67.03389830508475
2018-07-10,Kobiety,375,27.117333333333335,0.020533333333333334,11.137066666666666,62.18666666666667
2018-07-10,Mężczyźni,1223,26.97710547833197,0.015208503679476697,11.41807031888798,62.87571545380212
2018-07-10,Unknown,86,27.686046511627907,0.04883720930232558,10.763953488372092,60.5
2018-07-11,Kobiety,375,25.373333333333335,0.0624,14.158399999999999,67.98933333333333
2018-07-11,Mężczyźni,1149,25.19060052219321,0.05430809399477807,14.24917319408181,68.7597911227154
2018-07-11,Unknown,85,25.741176470588236,0.06823529411764706,14.416470588235295,65.98823529411764
2018-07-12,Kobiety,343,23.53061224489796,0.0,11.775218658892129,64.88921282798835
2018-07-12,Mężczyźni,1213,23.76669414674361,0.0,12.668837592745259,64.07089859851608
2018-07-12,Unknown,72,24.5,0.0,12.488888888888889,58.986111111111114
2018-07-13,Kobiety,365,24.10958904109589,0.0,12.967945205479452,62.945205479452056
2018-07-13,Mężczyźni,1157,24.063958513396717,0.0,12.12515125324114,63.20656871218669
2018-07-13,Unknown,91,24.34065934065934,0.0,13.138461538461538,62.72527472527472
2018-07-14,Kobiety,301,28.059800664451828,0.0023255813953488376,17.015946843853822,50.3156146179402
2018-07-14,Mężczyźni,708,27.96186440677966,0.0016949152542372883,17.61228813559322,50.755649717514125
2018-07-14,Unknown,215,28.274418604651164,0.0037209302325581397,18.406976744186046,49.85581395348837
2018-07-15,Kobiety,280,25.87857142857143,0.6635714285714286,11.750357142857142,76.20714285714286
2018-07-15,Mężczyźni,627,25.934609250398726,0.5641148325358851,11.660287081339712,75.85007974481658
2018-07-15,Unknown,129,26.333333333333332,0.34806201550387594,11.431782945736435,73.0077519379845
2018-07-16,Kobiety,326,27.70552147239264,0.016564417177914112,12.806748466257668,76.50613496932516
2018-07-16,Mężczyźni,1205,27.662240663900416,0.016265560165975104,12.7549377593361,76.69211618257262
2018-07-16,Unknown,103,28.42718446601942,0.03495145631067961,14.793203883495146,74.35922330097087
2018-07-17,Kobiety,252,25.92063492063492,0.7575396825396825,13.59484126984127,84.37301587301587
2018-07-17,Mężczyźni,932,25.722103004291846,1.0224248927038626,12.931866952789699,85.21137339055794
2018-07-17,Unknown,32,26.28125,0.78125,14.346875,82.8125
2018-07-18,Kobiety,341,25.005865102639298,0.0,16.438709677419357,55.064516129032256
2018-07-18,Mężczyźni,1277,24.967893500391543,0.0,16.27744714173845,55.346123727486294
2018-07-18,Unknown,88,25.386363636363637,0.0,15.97272727272727,52.81818181818182
2018-07-19,Kobiety,337,22.73887240356083,0.0,11.825816023738874,58.69436201780415
2018-07-19,Mężczyźni,1237,22.822958771220694,0.0,11.793613581244948,57.95957962813258
2018-07-19,Unknown,76,22.460526315789473,0.0,11.234210526315788,62.078947368421055
2018-07-20,Kobiety,341,23.058651026392962,0.0,12.212903225806453,66.34897360703812
2018-07-20,Mężczyźni,1189,22.847771236333053,0.0,11.657106812447434,67.6417157275021
2018-07-20,Unknown,85,22.83529411764706,0.0,12.068235294117647,66.87058823529412
2018-07-21,Kobiety,275,22.952727272727273,0.13599999999999998,20.897818181818185,57.50909090909091
2018-07-21,Mężczyźni,718,22.724233983286908,0.24289693593314765,21.067270194986072,60.32033426183844
2018-07-21,Unknown,129,23.031007751937985,0.17131782945736432,21.493798449612406,58.16279069767442
2018-07-22,Kobiety,208,25.0625,0.1860576923076923,24.908653846153847,82.1826923076923
2018-07-22,Mężczyźni,540,25.075925925925926,0.22925925925925925,24.885185185185186,81.81111111111112
2018-07-22,Unknown,158,25.518987341772153,0.11772151898734177,25.829113924050635,80.29113924050633
2018-07-23,Kobiety,261,24.291187739463602,0.4969348659003831,22.496551724137934,89.73563218390805
2018-07-23,Mężczyźni,878,24.28018223234624,0.5399772209567198,22.052050113895216,89.60478359908883
2018-07-23,Unknown,73,24.726027397260275,0.4520547945205479,23.347945205479455,88.43835616438356
2018-07-24,Kobiety,331,24.88821752265861,0.20483383685800605,23.175528700906344,87.82477341389728
2018-07-24,Mężczyźni,1237,24.896523848019402,0.18172999191592562,23.28367016976556,87.71624898949071
2018-07-24,Unknown,65,25.246153846153845,0.11076923076923077,25.31230769230769,85.6923076923077
2018-07-25,Kobiety,216,23.412037037037038,1.2583333333333333,18.938888888888886,95.2824074074074
2018-07-25,Mężczyźni,722,23.44736842105263,1.2876731301939057,18.687950138504153,95.41828254847645
2018-07-25,Unknown,37,23.45945945945946,1.0486486486486486,20.11081081081081,94.8108108108108
2018-07-26,Kobiety,332,25.86144578313253,0.030421686746987957,9.797289156626505,78.38855421686748
2018-07-26,Mężczyźni,1202,25.875207986688853,0.03444259567387688,9.917803660565722,78.20382695507487
2018-07-26,Unknown,80,26.2,0.065,9.75375,76.3375
2018-07-27,Kobiety,249,25.76706827309237,0.09879518072289158,9.488353413654618,82.79518072289157
2018-07-27,Mężczyźni,784,25.776785714285715,0.12857142857142856,9.525892857142857,83.24489795918367
2018-07-27,Unknown,49,26.020408163265305,0.16530612244897958,9.585714285714285,82.40816326530613
2018-07-28,Kobiety,285,25.828070175438597,0.2143859649122807,9.124912280701754,76.57894736842105
2018-07-28,Mężczyźni,750,25.52,0.14706666666666665,8.187199999999999,78.22933333333333
2018-07-28,Unknown,183,25.972677595628415,0.19617486338797813,8.991256830601094,75.90163934426229
2018-07-29,Kobiety,334,25.565868263473053,0.0,8.93682634730539,60.32335329341317
2018-07-29,Mężczyźni,731,25.649794801641587,0.0,8.897537619699042,59.844049247606016
2018-07-29,Unknown,233,25.888412017167383,0.0,8.647210300429185,58.78969957081545
2018-07-30,Kobiety,354,23.316384180790962,0.09180790960451977,7.772598870056497,79.30225988700565
2018-07-30,Mężczyźni,1225,23.34204081632653,0.0986122448979592,7.69942857142857,79.61387755102041
2018-07-30,Unknown,69,23.391304347826086,0.050724637681159424,7.410144927536232,78.27536231884058
2018-07-31,Kobiety,377,23.36604774535809,0.0,10.228912466843502,74.88859416445624
2018-07-31,Mężczyźni,1299,23.431100846805236,0.0,10.276905311778291,74.60046189376443
2018-07-31,Unknown,79,23.9873417721519,0.0,11.99620253164557,70.64556962025317
2018-08-01,Kobiety,346,26.222543352601157,0.3820809248554913,15.919653179190751,83.51734104046243
2018-08-01,Mężczyźni,1090,26.14862385321101,0.41522935779816517,15.896422018348623,83.93211009174311
2018-08-01,Unknown,77,26.31168831168831,0.33896103896103896,16.732467532467535,83.11688311688312
2018-08-02,Kobiety,365,25.82191780821918,0.2567123287671233,12.554520547945204,86.21643835616439
2018-08-02,Mężczyźni,1169,25.890504704875962,0.255945252352438,12.775534644995723,86.42600513259195
2018-08-02,Unknown,92,26.434782608695652,0.32065217391304346,13.92608695652174,82.68478260869566
2018-08-03,Kobiety,327,25.90519877675841,0.2400611620795107,13.311620795107032,83.33944954128441
2018-08-03,Mężczyźni,1078,25.90909090909091,0.2787569573283859,13.574675324675324,83.569573283859
2018-08-03,Unknown,105,25.63809523809524,0.2942857142857143,12.522857142857143,84.79047619047618
2018-08-04,Kobiety,246,26.98780487804878,0.49796747967479676,11.063821138211381,72.89837398373983
2018-08-04,Mężczyźni,601,26.938435940099833,0.5752079866888519,10.907321131447588,73.38269550748753
2018-08-04,Unknown,127,27.511811023622048,0.08897637795275591,11.19212598425197,70.8740157480315
2018-08-05,Kobiety,291,28.95189003436426,0.0,7.76529209621993,67.36769759450172
2018-08-05,Mężczyźni,657,28.727549467275495,0.0,8.032267884322678,68.89954337899543
2018-08-05,Unknown,225,28.515555555555554,0.0,7.967111111111111,69.27555555555556
2018-08-06,Kobiety,370,28.93243243243243,0.0,9.474864864864864,70.97567567567567
2018-08-06,Mężczyźni,1209,28.66501240694789,0.0,9.481389578163771,72.39371381306866
2018-08-06,Unknown,79,29.075949367088608,0.0,10.087341772151898,70.87341772151899
2018-08-07,Kobiety,377,26.909814323607428,0.07745358090185676,13.36233421750663,82.88594164456234
2018-08-07,Mężczyźni,1154,26.844887348353552,0.051386481802426345,13.397227036395147,82.88561525129982
2018-08-07,Unknown,82,27.365853658536587,0.07439024390243903,13.835365853658537,80.65853658536585
2018-08-08,Kobiety,381,26.73753280839895,0.3955380577427822,7.05249343832021,84.74278215223097
2018-08-08,Mężczyźni,1234,26.80226904376013,0.39700162074554296,7.162398703403565,84.48541329011346
2018-08-08,Unknown,87,27.333333333333332,0.4425287356321839,7.350574712643678,82.44827586206897
2018-08-09,Kobiety,379,26.852242744063325,0.06253298153034301,11.130079155672824,73.78100263852242
2018-08-09,Mężczyźni,1214,26.891268533772653,0.06499176276771006,11.232948929159802,73.89868204283361
2018-08-09,Unknown,90,27.18888888888889,0.058888888888888886,11.046666666666667,69.4888888888889
2018-08-10,Kobiety,374,26.52139037433155,0.012032085561497326,8.299197860962567,68.3663101604278
2018-08-10,Mężczyźni,1107,26.417344173441734,0.01093044263775971,8.186811201445346,68.93224932249322
2018-08-10,Unknown,97,26.762886597938145,0.028865979381443297,8.098969072164948,68.42268041237114
2018-08-11,Kobiety,199,24.195979899497488,0.585427135678392,8.231658291457286,88.82914572864321
2018-08-11,Mężczyźni,471,24.176220806794056,0.5471337579617834,8.088535031847133,88.83651804670913
2018-08-11,Unknown,64,24.15625,0.5109375,9.3796875,88.28125
2018-08-12,Kobiety,300,24.926666666666666,0.385,12.38,82.93
2018-08-12,Mężczyźni,711,24.722925457102672,0.470323488045007,11.729676511954992,83.9845288326301
2018-08-12,Unknown,218,24.839449541284402,0.39541284403669724,12.006422018348625,83.90825688073394
2018-08-13,Kobiety,277,23.209386281588447,0.6144404332129965,11.366425992779783,91.93140794223827
2018-08-13,Mężczyźni,883,23.199320498301244,0.6757644394110985,11.566024915062286,91.8335220838052
2018-08-13,Unknown,67,23.328358208955223,0.582089552238806,10.849253731343284,91.73134328358209
2018-08-14,Kobiety,329,23.47112462006079,0.13191489361702127,11.280547112462006,86.27963525835867
2018-08-14,Mężczyźni,1121,23.42016057091882,0.11552185548617305,11.818733273862621,86.2792149866191
2018-08-14,Unknown,83,24.10843373493976,0.1397590361445783,12.703614457831327,83.01204819277109
2018-08-15,Kobiety,366,26.759562841530055,0.005191256830601093,12.319672131147541,69.01092896174863
2018-08-15,Mężczyźni,1230,26.465853658536584,0.0060162601626016264,12.134227642276423,70.34065040650407
2018-08-15,Unknown,71,26.91549295774648,0.0028169014084507044,12.859154929577464,67.77464788732394
2018-08-16,Kobiety,382,27.3717277486911,0.0,8.961518324607331,68.88219895287958
2018-08-16,Mężczyźni,1229,27.711147274206674,0.0,9.475915378356387,66.96908055329536
2018-08-16,Unknown,86,28.325581395348838,0.0,9.740697674418605,65.06976744186046
2018-08-17,Kobiety,319,26.752351097178682,0.15517241379310345,11.573040752351098,83.32601880877743
2018-08-17,Mężczyźni,1113,26.778077268643305,0.1307277628032345,12.102785265049416,83.20664869721473
2018-08-17,Unknown,69,27.115942028985508,0.11739130434782608,12.343478260869565,81.97101449275362
2018-08-18,Kobiety,233,26.570815450643778,0.47081545064377683,13.74763948497854,79.50643776824035
2018-08-18,Mężczyźni,637,26.19309262166405,0.5594976452119309,13.726373626373624,80.95918367346938
2018-08-18,Unknown,96,27.145833333333332,0.3010416666666667,14.528125000000001,76.14583333333333
2018-08-19,Kobiety,202,21.14851485148515,1.3514851485148516,13.333168316831683,89.39108910891089
2018-08-19,Mężczyźni,582,21.16151202749141,1.2697594501718212,13.329037800687285,89.63745704467354
2018-08-19,Unknown,70,21.285714285714285,1.0985714285714288,13.51,88.77142857142857
2018-08-20,Kobiety,353,21.560906515580736,0.07592067988668555,12.205949008498584,81.44759206798867
2018-08-20,Mężczyźni,1130,21.61061946902655,0.07637168141592922,12.406637168141593,81.05840707964602
2018-08-20,Unknown,71,21.788732394366196,0.07464788732394367,10.792957746478875,81.26760563380282
2018-08-21,Kobiety,368,21.85326086956522,0.14646739130434785,15.042391304347827,81.88858695652173
2018-08-21,Mężczyźni,1229,21.80634662327095,0.1270951993490643,15.15492270138324,82.10252237591538
2018-08-21,Unknown,107,22.373831775700936,0.08317757009345794,16.982242990654203,79.37383177570094
2018-08-22,Kobiety,354,24.838983050847457,0.05169491525423729,15.887288135593222,75.38983050847457
2018-08-22,Mężczyźni,1224,24.86519607843137,0.042565359477124184,15.843464052287583,75.74101307189542
2018-08-22,Unknown,96,25.197916666666668,0.05833333333333333,15.725,71.01041666666667
2018-08-23,Kobiety,382,21.76178010471204,0.13612565445026178,12.415706806282722,61.675392670157066
2018-08-23,Mężczyźni,1157,21.715643906655142,0.11581676750216076,12.704062229904928,62.12705272255834
2018-08-23,Unknown,94,22.01063829787234,0.0851063829787234,12.206382978723406,60.40425531914894
2018-08-24,Kobiety,324,22.811728395061728,0.0,9.093827160493827,66.41666666666667
2018-08-24,Mężczyźni,1144,22.890734265734267,0.0,9.129458041958042,66.02972027972028
2018-08-24,Unknown,100,23.44,0.0,9.625,63.89
2018-08-25,Kobiety,263,23.09125475285171,0.0,9.563498098859315,64.97718631178707
2018-08-25,Mężczyźni,765,22.830065359477125,0.0,9.721307189542484,66.55555555555556
2018-08-25,Unknown,140,23.45,0.0,10.620714285714286,62.9
2018-08-26,Kobiety,247,25.793522267206477,0.017813765182186237,13.480161943319837,68.62348178137651
2018-08-26,Mężczyźni,700,25.44142857142857,0.014,12.648428571428571,70.36428571428571
2018-08-26,Unknown,138,26.23913043478261,0.02028985507246377,13.418840579710144,67.68115942028986
2018-08-27,Kobiety,319,26.156739811912225,0.0,8.626645768025078,80.68025078369907
2018-08-27,Mężczyźni,1185,26.152742616033755,0.0,8.393924050632911,80.39409282700421
2018-08-27,Unknown,77,25.974025974025974,0.0,8.333766233766234,81.74025974025975
2018-08-28,Kobiety,348,29.42816091954023,0.0,11.014080459770115,68.77873563218391
2018-08-28,Mężczyźni,1198,29.41235392320534,0.0,10.897662771285475,69.50667779632721
2018-08-28,Unknown,54,29.48148148148148,0.0,10.942592592592591,67.9074074074074
2018-08-29,Kobiety,319,29.304075235109718,0.0,12.201880877742948,70.3385579937304
2018-08-29,Mężczyźni,1198,29.51836393989983,0.0,12.135976627712854,69.42237061769616
2018-08-29,Unknown,77,30.16883116883117,0.0,12.727272727272727,66.7012987012987
2018-08-30,Kobiety,334,27.763473053892216,0.009580838323353293,11.535329341317366,68.86526946107784
2018-08-30,Mężczyźni,1160,27.773275862068967,0.006896551724137931,11.724396551724137,68.63362068965517
2018-08-30,Unknown,78,28.28205128205128,0.011538461538461539,11.014102564102565,65.7051282051282
2018-08-31,Kobiety,233,22.536480686695278,0.1497854077253219,17.212875536480688,79.80257510729614
2018-08-31,Mężczyźni,949,22.443624868282402,0.10895679662802951,16.940358271865122,80.22023182297156
2018-08-31,Unknown,79,22.189873417721518,0.11265822784810127,15.683544303797468,81.74683544303798
2018-09-01,Kobiety,230,22.57391304347826,0.018695652173913044,13.394347826086955,73.61304347826086
2018-09-01,Mężczyźni,552,22.494565217391305,0.016847826086956518,13.345471014492754,74.23188405797102
2018-09-01,Unknown,133,22.571428571428573,0.011278195488721804,14.696240601503758,73.75187969924812
2018-09-02,Kobiety,253,24.154150197628457,0.0,11.210671936758892,78.4505928853755
2018-09-02,Mężczyźni,566,24.291519434628974,0.0,12.314840989399293,78.5565371024735
2018-09-02,Unknown,171,24.53216374269006,0.0,13.045614035087718,77.42105263157895
2018-09-03,Kobiety,240,27.904166666666665,0.007083333333333334,9.576666666666666,80.9625
2018-09-03,Mężczyźni,619,27.764135702746366,0.009693053311793215,9.394184168012924,81.96445880452343
2018-09-03,Unknown,171,28.45614035087719,0.008771929824561403,11.236842105263158,78.78362573099415
2018-09-04,Kobiety,265,28.022641509433964,0.0,6.315849056603774,73.61509433962264
2018-09-04,Mężczyźni,1091,28.320806599450044,0.0,6.191567369385885,72.4051329055912
2018-09-04,Unknown,62,28.516129032258064,0.0,6.103225806451612,71.24193548387096
2018-09-05,Kobiety,328,26.591463414634145,0.0,10.657621951219511,83.02743902439025
2018-09-05,Mężczyźni,1219,26.52173913043478,0.0,10.6273174733388,83.28794093519278
2018-09-05,Unknown,76,26.82894736842105,0.0,12.242105263157894,80.65789473684211
2018-09-06,Kobiety,294,27.517006802721088,0.12755102040816327,12.006462585034013,82.89795918367346
2018-09-06,Mężczyźni,1100,27.306363636363635,0.10927272727272727,11.812272727272727,83.71545454545455
2018-09-06,Unknown,89,28.325842696629213,0.19775280898876407,11.115730337078652,78.9438202247191
2018-09-07,Kobiety,341,23.058651026392962,0.3486803519061583,13.419061583577712,88.42228739002933
2018-09-07,Mężczyźni,1181,23.00931414055885,0.37679932260795934,13.620321761219307,88.49280270956817
2018-09-07,Unknown,81,22.666666666666668,0.3395061728395062,13.122222222222224,88.74074074074075
2018-09-08,Kobiety,277,19.47292418772563,0.2667870036101083,17.186642599277977,74.73646209386281
2018-09-08,Mężczyźni,698,19.369627507163322,0.29140401146131806,16.672492836676216,75.71203438395415
2018-09-08,Unknown,103,19.436893203883496,0.25728155339805825,16.724271844660194,73.98058252427184
2018-09-09,Kobiety,84,15.369047619047619,0.9702380952380952,16.08809523809524,89.76190476190476
2018-09-09,Mężczyźni,271,15.464944649446494,0.9217712177121771,16.25387453874539,89.16236162361623
2018-09-09,Unknown,25,15.12,0.8959999999999999,16.252,89.64
2018-09-10,Kobiety,130,16.23076923076923,1.0415384615384615,21.49076923076923,93.5
2018-09-10,Mężczyźni,607,16.17957166392092,1.112191103789127,21.45485996705107,93.73805601317957
2018-09-10,Unknown,24,16.458333333333332,0.8958333333333334,22.02916666666667,93.95833333333333
2018-09-11,Kobiety,291,21.690721649484537,0.4652920962199313,5.937800687285224,90.86941580756013
2018-09-11,Mężczyźni,1161,21.515934539190354,0.4160206718346253,6.115590008613264,90.64168819982774
2018-09-11,Unknown,57,21.666666666666668,0.7929824561403509,5.703508771929825,91.6842105263158
2018-09-12,Kobiety,259,23.16988416988417,0.6015444015444016,6.036293436293436,93.26254826254826
2018-09-12,Mężczyźni,905,23.12596685082873,0.6893922651933702,5.830718232044199,93.4707182320442
2018-09-12,Unknown,48,23.4375,0.6083333333333333,5.470833333333332,92.14583333333333
2018-09-13,Kobiety,295,22.73898305084746,0.22271186440677967,13.813898305084745,88.04745762711865
2018-09-13,Mężczyźni,1170,22.661538461538463,0.19470085470085471,13.797692307692309,88.38205128205128
2018-09-13,Unknown,83,23.120481927710845,0.07349397590361445,14.302409638554217,86.25301204819277
2018-09-14,Kobiety,335,21.817910447761193,0.04746268656716418,11.771641791044775,83.3223880597015
2018-09-14,Mężczyźni,1141,21.63803680981595,0.03759859772129711,11.568624014022786,83.85539000876425
2018-09-14,Unknown,73,21.945205479452056,0.08082191780821918,11.620547945205479,83.54794520547945
2018-09-15,Kobiety,295,22.891525423728815,0.014576271186440677,6.284406779661017,80.71525423728814
2018-09-15,Mężczyźni,840,22.760714285714286,0.015476190476190477,6.156547619047619,81.3202380952381
2018-09-15,Unknown,136,22.801470588235293,0.011764705882352941,6.561029411764705,82.05882352941177
2018-09-16,Kobiety,321,23.713395638629283,0.0,7.641121495327103,81.16510903426791
2018-09-16,Mężczyźni,863,23.46002317497103,0.0,7.576245654692932,81.85283893395133
2018-09-16,Unknown,207,23.429951690821255,0.0,8.579710144927537,81.46376811594203
2018-09-17,Kobiety,330,22.418181818181818,0.2124242424242424,12.735151515151516,90.95454545454545
2018-09-17,Mężczyźni,1176,22.289115646258505,0.19931972789115646,12.42950680272109,91.24574829931973
2018-09-17,Unknown,49,22.285714285714285,0.1816326530612245,12.116326530612243,91.0204081632653
2018-09-18,Kobiety,269,22.765799256505577,1.2539033457249071,12.818959107806693,91.75092936802974
2018-09-18,Mężczyźni,988,22.866396761133604,1.365485829959514,13.356275303643725,91.62145748987854
2018-09-18,Unknown,51,22.705882352941178,1.076470588235294,11.468627450980392,91.6078431372549
2018-09-19,Kobiety,367,23.247956403269754,0.024795640326975475,11.822888283378747,77.75204359673025
2018-09-19,Mężczyźni,1234,22.956239870340358,0.02455429497568882,12.205105348460291,80.1645056726094
2018-09-19,Unknown,86,23.53488372093023,0.03255813953488372,12.780232558139534,77.05813953488372
2018-09-20,Kobiety,373,19.351206434316353,0.05683646112600536,8.646916890080428,79.54959785522789
2018-09-20,Mężczyźni,1180,19.33050847457627,0.05813559322033899,8.663813559322033,79.6135593220339
2018-09-20,Unknown,89,19.471910112359552,0.06853932584269663,8.711235955056178,79.01123595505618
2018-09-21,Kobiety,357,21.212885154061624,0.0,18.161344537815125,77.09803921568627
2018-09-21,Mężczyźni,1199,21.30275229357798,0.0,18.342452043369473,76.93077564637197
2018-09-21,Unknown,76,21.210526315789473,0.0,18.455263157894734,76.65789473684211
2018-09-22,Kobiety,296,20.06756756756757,0.00945945945945946,16.56722972972973,63.36824324324324
2018-09-22,Mężczyźni,829,19.958986731001207,0.013027744270205067,16.117249698431845,63.930036188178526
2018-09-22,Unknown,165,19.963636363636365,0.01696969696969697,15.312121212121212,61.412121212121214
2018-09-23,Kobiety,245,17.273469387755103,0.17387755102040817,9.343673469387754,82.07755102040817
2018-09-23,Mężczyźni,667,17.248875562218892,0.17406296851574213,9.373013493253374,82.65067466266866
2018-09-23,Unknown,100,17.49,0.154,8.767999999999999,82.46
2018-09-24,Kobiety,333,16.81981981981982,0.006006006006006006,20.313213213213213,72.84084084084084
2018-09-24,Mężczyźni,1263,16.82264449722882,0.004750593824228029,20.25827395091053,72.61757719714964
2018-09-24,Unknown,62,16.887096774193548,0.004838709677419356,20.720967741935485,72.16129032258064
2018-09-25,Kobiety,99,19.8989898989899,2.1222222222222222,16.144444444444446,95.31313131313131
2018-09-25,Mężczyźni,412,20.08252427184466,2.5359223300970872,16.30509708737864,95.69174757281553
2018-09-25,Unknown,22,20.681818181818183,2.936363636363636,17.995454545454546,95.68181818181819
2018-09-26,Kobiety,302,23.94701986754967,0.5049668874172185,16.691721854304635,89.97682119205298
2018-09-26,Mężczyźni,1196,23.85200668896321,0.5601170568561873,16.527424749163877,90.37959866220736
2018-09-26,Unknown,90,23.57777777777778,0.43000000000000005,15.53888888888889,90.61111111111111
2018-09-27,Kobiety,342,18.383040935672515,0.2128654970760234,12.049415204678365,69.53508771929825
2018-09-27,Mężczyźni,1218,18.34072249589491,0.20985221674876847,12.279064039408867,68.9343185550082
2018-09-27,Unknown,64,18.890625,0.2203125,12.2578125,68.578125
2018-09-28,Kobiety,231,16.952380952380953,0.487012987012987,13.498268398268397,80.59740259740259
2018-09-28,Mężczyźni,944,16.85487288135593,0.4959745762711864,13.464618644067796,80.9385593220339
2018-09-28,Unknown,47,17.48936170212766,0.3702127659574468,10.729787234042554,78.12765957446808
2018-09-29,Kobiety,335,19.98507462686567,0.0,9.861492537313433,65.94029850746269
2018-09-29,Mężczyźni,750,19.590666666666667,0.0,9.725066666666667,67.95066666666666
2018-09-29,Unknown,180,20.25,0.0,9.969999999999999,65.26666666666667
2018-09-30,Kobiety,341,18.275659824046922,0.0,9.234897360703812,69.2991202346041
2018-09-30,Mężczyźni,750,18.125333333333334,0.0,8.937199999999999,70.16533333333334
2018-09-30,Unknown,154,18.428571428571427,0.0,9.21103896103896,68.5
2018-10-01,Kobiety,309,21.04854368932039,0.015210355987055016,9.953398058252427,83.51456310679612
2018-10-01,Mężczyźni,1134,20.64814814814815,0.010229276895943563,10.019223985890651,84.60934744268077
2018-10-01,Unknown,65,21.53846153846154,0.01076923076923077,11.138461538461538,80.86153846153846
2018-10-02,Kobiety,390,21.192307692307693,0.9056410256410257,10.046153846153846,88.36410256410257
2018-10-02,Mężczyźni,1257,21.240254574383453,0.7762927605409705,10.038345266507559,88.31026252983294
2018-10-02,Unknown,55,21.69090909090909,0.40727272727272723,11.13090909090909,86.0909090909091
2018-10-03,Kobiety,375,20.792,0.0005333333333333334,10.650133333333335,77.36266666666667
2018-10-03,Mężczyźni,1270,20.61968503937008,0.00015748031496062994,10.796299212598425,78.66220472440945
2018-10-03,Unknown,72,20.916666666666668,0.0,11.0125,75.86111111111111
2018-10-04,Kobiety,320,20.878125,0.13468750000000002,9.4884375,88.0
2018-10-04,Mężczyźni,1205,20.71286307053942,0.15427385892116183,9.088547717842324,88.39834024896265
2018-10-04,Unknown,72,21.86111111111111,0.2361111111111111,10.630555555555555,87.76388888888889
2018-10-05,Kobiety,349,17.117478510028654,0.0,13.77134670487106,74.79942693409743
2018-10-05,Mężczyźni,1167,17.36075407026564,0.0,13.1337617823479,74.39074550128535
2018-10-05,Unknown,78,17.525641025641026,0.0,12.74102564102564,73.62820512820512
2018-10-06,Kobiety,229,19.30131004366812,0.06593886462882095,13.779475982532752,83.02620087336244
2018-10-06,Mężczyźni,620,19.31774193548387,0.05516129032258065,14.048709677419357,82.84354838709677
2018-10-06,Unknown,67,19.328358208955223,0.029850746268656716,13.82686567164179,83.28358208955224
2018-10-07,Kobiety,309,24.071197411003237,0.006472491909385114,10.322977346278318,80.68608414239482
2018-10-07,Mężczyźni,708,23.929378531073446,0.005225988700564972,10.02132768361582,81.05649717514125
2018-10-07,Unknown,107,24.49532710280374,0.0009345794392523365,9.411214953271028,79.08411214953271
2018-10-08,Kobiety,257,19.19066147859922,0.02529182879377432,14.759143968871594,88.92996108949416
2018-10-08,Mężczyźni,986,19.154158215010142,0.021703853955375257,14.693306288032455,89.23833671399595
2018-10-08,Unknown,59,19.576271186440678,0.04406779661016949,16.11864406779661,87.22033898305085
2018-10-09,Kobiety,398,21.829145728643216,0.030402010050251258,11.346984924623117,90.13065326633166
2018-10-09,Mężczyźni,1301,21.778631821675635,0.026518063028439662,11.363720215219063,90.53727901614143
2018-10-09,Unknown,56,21.660714285714285,0.03035714285714286,11.576785714285714,90.48214285714286
2018-10-10,Kobiety,369,22.422764227642276,0.015176151761517617,11.086449864498645,92.51219512195122
2018-10-10,Mężczyźni,1271,22.37686860739575,0.01778127458693942,10.852242328874901,92.50983477576712
2018-10-10,Unknown,57,22.666666666666668,0.031578947368421054,11.45438596491228,91.01754385964912
2018-10-11,Kobiety,246,22.739837398373982,0.40934959349593497,14.980081300813008,94.47154471544715
2018-10-11,Mężczyźni,855,22.76374269005848,0.3759064327485381,14.623742690058478,94.49239766081871
2018-10-11,Unknown,40,22.675,0.5,15.3025,94.375
2018-10-12,Kobiety,273,14.483516483516484,0.0010989010989010991,22.34908424908425,60.934065934065934
2018-10-12,Mężczyźni,1055,14.534597156398105,0.014976303317535545,22.280189573459715,61.70521327014218
2018-10-12,Unknown,57,14.75438596491228,0.0,23.863157894736844,59.73684210526316
2018-10-13,Kobiety,276,11.992753623188406,0.09710144927536232,15.806159420289855,63.57608695652174
2018-10-13,Mężczyźni,605,11.753719008264463,0.0778512396694215,15.264132231404957,64.57520661157025
2018-10-13,Unknown,61,11.98360655737705,0.07868852459016393,16.009836065573772,63.19672131147541
2018-10-14,Kobiety,241,12.87136929460581,0.0,10.237759336099584,60.31120331950208
2018-10-14,Mężczyźni,615,12.697560975609756,0.0,10.135447154471546,61.43577235772358
2018-10-14,Unknown,68,12.661764705882353,0.0,9.898529411764706,61.75
2018-10-15,Kobiety,307,16.879478827361563,0.38859934853420197,19.46058631921824,90.24755700325733
2018-10-15,Mężczyźni,941,16.689691817215728,0.3782146652497343,18.873963868225292,90.31243358129649
2018-10-15,Unknown,41,17.195121951219512,0.33902439024390246,20.295121951219514,90.97560975609755
2018-10-16,Kobiety,362,10.469613259668508,0.0033149171270718232,16.038397790055246,53.24033149171271
2018-10-16,Mężczyźni,1105,10.582805429864253,0.0038914027149321265,15.957104072398188,53.10226244343892
2018-10-16,Unknown,52,10.0,0.0,15.848076923076924,53.84615384615385
2018-10-17,Kobiety,310,11.996774193548386,0.006129032258064516,20.886129032258065,60.60322580645161
2018-10-17,Mężczyźni,1094,11.96800731261426,0.006855575868372943,20.809232175502743,60.089579524680076
2018-10-17,Unknown,48,12.3125,0.008333333333333333,22.06041666666667,58.833333333333336
2018-10-18,Kobiety,261,7.32183908045977,0.0,16.378927203065132,50.888888888888886
2018-10-18,Mężczyźni,1000,7.443,0.0,16.3589,50.391
2018-10-18,Unknown,38,7.421052631578948,0.0,17.69736842105263,49.421052631578945
2018-10-19,Kobiety,284,10.369718309859154,0.004225352112676057,16.50950704225352,66.51408450704226
2018-10-19,Mężczyźni,1051,10.501427212178877,0.006089438629876308,16.507992388201714,65.98097050428164
2018-10-19,Unknown,46,10.23913043478261,0.026086956521739136,16.36521739130435,69.23913043478261
2018-10-20,Kobiety,233,14.716738197424892,0.015021459227467811,16.764377682403435,71.8969957081545
2018-10-20,Mężczyźni,659,14.663125948406677,0.020030349013657054,16.48270106221548,71.20940819423369
2018-10-20,Unknown,59,14.661016949152541,0.006779661016949153,16.942372881355933,72.35593220338983
2018-10-21,Kobiety,192,7.307291666666667,0.0067708333333333336,27.886458333333334,51.791666666666664
2018-10-21,Mężczyźni,456,7.18640350877193,0.007236842105263159,26.93092105263158,52.93640350877193
2018-10-21,Unknown,28,7.357142857142857,0.0,28.45,51.464285714285715
2018-10-22,Kobiety,245,7.66530612244898,0.0,13.418367346938776,64.9265306122449
2018-10-22,Mężczyźni,963,7.70404984423676,0.0,13.157009345794393,65.33956386292834
2018-10-22,Unknown,29,8.03448275862069,0.0,15.137931034482758,61.48275862068966
2018-10-23,Kobiety,314,12.136942675159236,0.008280254777070064,13.021019108280255,64.80573248407643
2018-10-23,Mężczyźni,1156,12.285467128027681,0.0067474048442906585,12.988840830449828,64.37110726643598
2018-10-23,Unknown,44,12.477272727272727,0.009090909090909092,13.4,62.93181818181818
2018-10-24,Kobiety,287,9.149825783972126,0.0,20.406620209059234,56.75261324041812
2018-10-24,Mężczyźni,1072,9.272388059701493,0.0,20.43348880597015,56.07276119402985
2018-10-24,Unknown,48,9.291666666666666,0.0,20.693749999999998,56.583333333333336
2018-10-25,Kobiety,277,6.92057761732852,0.0,13.745126353790614,63.70397111913358
2018-10-25,Mężczyźni,929,6.794402583423036,0.0,13.57341227125942,64.3702906350915
2018-10-25,Unknown,36,7.138888888888889,0.0,14.097222222222221,62.75
2018-10-26,Kobiety,265,7.60377358490566,0.0022641509433962265,6.313962264150944,67.76981132075471
2018-10-26,Mężczyźni,934,7.535331905781584,0.001284796573875803,6.553747323340471,68.44111349036403
2018-10-26,Unknown,43,7.116279069767442,0.0,5.5093023255813955,66.06976744186046
2018-10-27,Kobiety,35,10.228571428571428,1.5371428571428571,29.94,94.17142857142858
2018-10-27,Mężczyźni,168,9.708333333333334,1.5416666666666667,27.887500000000003,94.24404761904762
2018-10-27,Unknown,3,8.333333333333334,2.233333333333333,26.766666666666666,89.66666666666667
2018-10-28,Kobiety,157,10.420382165605096,0.016560509554140127,14.056050955414012,73.28662420382166
2018-10-28,Mężczyźni,431,10.419953596287703,0.016937354988399073,13.588863109048724,73.51740139211137
2018-10-28,Unknown,59,10.40677966101695,0.0,12.091525423728813,74.42372881355932
2018-10-29,Kobiety,239,10.665271966527197,0.010460251046025104,17.028033472803347,74.27196652719665
2018-10-29,Mężczyźni,910,10.773626373626374,0.006043956043956044,17.13,73.38681318681319
2018-10-29,Unknown,35,11.2,0.005714285714285714,17.22285714285714,70.91428571428571
2018-10-30,Kobiety,256,8.07421875,0.0,13.93203125,62.78125
2018-10-30,Mężczyźni,984,8.060975609756097,0.0,13.623475609756097,63.1219512195122
2018-10-30,Unknown,32,7.96875,0.0,14.55625,64.21875
2018-10-31,Kobiety,284,12.29225352112676,0.0,13.328521126760563,75.12676056338029
2018-10-31,Mężczyźni,987,12.168186423505572,0.0,13.258763931104356,76.00911854103343
2018-10-31,Unknown,45,12.911111111111111,0.0,14.042222222222222,71.62222222222222
2018-11-01,Kobiety,295,15.603389830508474,0.002711864406779661,11.20135593220339,83.64745762711864
2018-11-01,Mężczyźni,1085,15.569585253456221,0.004147465437788019,10.939078341013824,83.84976958525345
2018-11-01,Unknown,41,15.634146341463415,0.0024390243902439024,11.921951219512195,83.4390243902439
2018-11-02,Kobiety,256,19.30859375,0.327734375,21.50625,87.00390625
2018-11-02,Mężczyźni,870,19.333333333333332,0.2925287356321839,21.08287356321839,87.20919540229885
2018-11-02,Unknown,40,19.275,0.40499999999999997,20.3725,87.85
2018-11-03,Kobiety,178,12.92134831460674,0.0348314606741573,26.955617977528092,65.33707865168539
2018-11-03,Mężczyźni,513,12.810916179337232,0.030214424951267055,26.54366471734893,62.46393762183236
2018-11-03,Unknown,32,12.3125,0.078125,23.712500000000002,64.0
2018-11-04,Kobiety,210,9.271428571428572,0.0,5.964285714285714,61.75714285714286
2018-11-04,Mężczyźni,492,9.164634146341463,0.0,6.16829268292683,62.8739837398374
2018-11-04,Unknown,82,9.682926829268293,0.0,5.815853658536585,58.23170731707317
2018-11-05,Kobiety,172,10.738372093023257,0.22906976744186044,17.952325581395346,84.8546511627907
2018-11-05,Mężczyźni,570,10.791228070175439,0.18421052631578946,17.964385964912278,84.65263157894736
2018-11-05,Unknown,26,10.692307692307692,0.12692307692307694,17.415384615384617,83.76923076923077
2018-11-06,Kobiety,205,12.321951219512195,0.31365853658536585,10.432195121951219,93.8048780487805
2018-11-06,Mężczyźni,786,12.413486005089059,0.2825699745547074,11.397837150127227,93.73664122137404
2018-11-06,Unknown,33,12.575757575757576,0.1787878787878788,11.751515151515152,93.6969696969697
2018-11-07,Kobiety,314,12.926751592356688,0.0,17.204458598726113,62.5
2018-11-07,Mężczyźni,1050,12.799047619047618,0.0,17.096190476190475,62.833333333333336
2018-11-07,Unknown,52,13.461538461538462,0.0,17.66923076923077,61.19230769230769
2018-11-08,Kobiety,265,8.615094339622642,0.0,10.95811320754717,61.51698113207547
2018-11-08,Mężczyźni,913,8.444687842278205,0.0,10.68236582694414,63.14019715224534
2018-11-08,Unknown,46,9.282608695652174,0.0,9.7,61.19565217391305
2018-11-09,Kobiety,160,6.99375,0.31375,13.27125,76.74375
2018-11-09,Mężczyźni,534,7.020599250936329,0.5666666666666667,13.600561797752809,79.32771535580524
2018-11-09,Unknown,22,6.954545454545454,0.36818181818181817,13.381818181818183,77.77272727272727
2018-11-10,Kobiety,148,5.655405405405405,0.008783783783783784,24.7222972972973,53.054054054054056
2018-11-10,Mężczyźni,423,5.633569739952718,0.006619385342789599,25.680614657210402,49.673758865248224
2018-11-10,Unknown,39,5.666666666666667,0.0,26.723076923076924,46.8974358974359
2018-11-11,Kobiety,158,5.2594936708860756,0.0,12.828481012658228,54.424050632911396
2018-11-11,Mężczyźni,376,5.23936170212766,0.0,12.750531914893617,55.045212765957444
2018-11-11,Unknown,48,5.416666666666667,0.0,13.110416666666666,53.125
2018-11-12,Kobiety,228,5.618421052631579,0.0004385964912280702,6.9868421052631575,73.45175438596492
2018-11-12,Mężczyźni,750,5.5986666666666665,0.0010666666666666667,6.671466666666667,74.44933333333333
2018-11-12,Unknown,36,6.416666666666667,0.002777777777777778,6.852777777777778,72.38888888888889
2018-11-13,Kobiety,156,7.871794871794871,0.5,20.226282051282052,75.33974358974359
2018-11-13,Mężczyźni,554,8.025270758122744,0.5889891696750903,19.619855595667868,76.06859205776173
2018-11-13,Unknown,17,8.294117647058824,0.8117647058823528,18.435294117647057,78.3529411764706
2018-11-14,Kobiety,216,2.449074074074074,0.0,21.26805555555556,43.58796296296296
2018-11-14,Mężczyźni,805,2.315527950310559,0.0,20.91664596273292,43.60248447204969
2018-11-14,Unknown,27,2.5555555555555554,0.0,21.35925925925926,44.77777777777778
2018-11-15,Kobiety,111,-0.42342342342342343,0.10270270270270271,14.154054054054054,53.3963963963964
2018-11-15,Mężczyźni,421,-0.18052256532066507,0.36104513064133015,15.200237529691211,57.65558194774347
2018-11-15,Unknown,11,-0.2727272727272727,0.17272727272727273,13.945454545454545,54.81818181818182
2018-11-16,Kobiety,109,3.834862385321101,0.3678899082568807,22.443119266055046,79.04587155963303
2018-11-16,Mężczyźni,504,3.7916666666666665,0.37460317460317455,23.320833333333336,79.96031746031746
2018-11-16,Unknown,16,4.125,0.2,21.6375,77.0
2018-11-17,Kobiety,142,6.063380281690141,0.0,17.253521126760564,67.37323943661971
2018-11-17,Mężczyźni,459,6.1154684095860565,0.0,16.822004357298475,66.93681917211329
2018-11-17,Unknown,31,6.193548387096774,0.0,16.809677419354838,67.06451612903226
2018-11-18,Kobiety,136,4.838235294117647,0.0963235294117647,5.497794117647059,63.35294117647059
2018-11-18,Mężczyźni,394,4.738578680203045,0.0715736040609137,5.486548223350253,64.68527918781726
2018-11-18,Unknown,30,5.2,0.11,4.733333333333333,60.833333333333336
2018-11-19,Kobiety,228,7.008771929824562,0.0,5.939912280701754,85.32456140350877
2018-11-19,Mężczyźni,862,6.907192575406032,0.0,6.019953596287703,85.78538283062645
2018-11-19,Unknown,37,6.891891891891892,0.0,5.764864864864865,85.8108108108108
2018-11-20,Kobiety,239,5.560669456066946,0.061924686192468624,14.210460251046026,77.76569037656904
2018-11-20,Mężczyźni,864,5.724537037037037,0.04224537037037037,14.797800925925927,75.11574074074075
2018-11-20,Unknown,43,5.767441860465116,0.053488372093023255,14.837209302325581,78.09302325581395
2018-11-21,Kobiety,179,4.5363128491620115,0.00893854748603352,22.182681564245808,59.80446927374302
2018-11-21,Mężczyźni,651,4.1336405529953915,0.008294930875576038,21.68294930875576,60.72043010752688
2018-11-21,Unknown,32,4.15625,0.00625,22.0375,57.96875
2018-11-22,Kobiety,43,-4.813953488372093,0.0,23.746511627906976,41.76744186046512
2018-11-22,Mężczyźni,126,-4.849206349206349,0.0,23.834126984126982,41.023809523809526
2018-11-22,Unknown,7,-4.714285714285714,0.0,23.885714285714283,38.57142857142857
2018-11-23,Kobiety,59,-2.9491525423728815,0.0,8.010169491525424,45.94915254237288
2018-11-23,Mężczyźni,239,-3.087866108786611,0.0,8.214644351464434,44.46443514644351
2018-11-23,Unknown,13,-4.769230769230769,0.0,7.638461538461538,47.84615384615385
2018-11-24,Kobiety,76,4.9605263157894735,0.07631578947368421,10.801315789473684,77.9342105263158
2018-11-24,Mężczyźni,225,5.337777777777778,0.05911111111111111,10.911999999999999,78.2088888888889
2018-11-24,Unknown,14,5.642857142857143,0.02142857142857143,10.507142857142856,77.85714285714286
2018-11-25,Kobiety,134,9.985074626865671,0.016417910447761197,11.872388059701493,76.08208955223881
2018-11-25,Mężczyźni,405,9.930864197530864,0.027901234567901237,11.809876543209876,76.01728395061728
2018-11-25,Unknown,24,10.666666666666666,0.0,12.183333333333332,73.33333333333333
2018-11-26,Kobiety,123,7.609756097560975,0.6723577235772358,18.298373983739836,85.08130081300813
2018-11-26,Mężczyźni,497,7.686116700201207,1.1824949698189136,18.391146881287725,85.59959758551308
2018-11-26,Unknown,17,8.529411764705882,0.6941176470588236,19.211764705882352,83.0
2018-11-27,Kobiety,220,4.531818181818182,0.005454545454545454,23.556818181818183,67.69090909090909
2018-11-27,Mężczyźni,885,4.480225988700565,0.001694915254237288,23.203389830508474,66.5774011299435
2018-11-27,Unknown,34,4.411764705882353,0.0,23.058823529411764,64.67647058823529
2018-11-28,Kobiety,229,3.3406113537117905,0.0,27.01834061135371,57.069868995633186
2018-11-28,Mężczyźni,774,3.4224806201550386,0.0,27.037080103359173,57.13049095607235
2018-11-28,Unknown,21,3.6666666666666665,0.0,29.04285714285714,56.04761904761905
2018-11-29,Kobiety,197,4.598984771573604,0.0,20.677157360406092,59.68527918781726
2018-11-29,Mężczyźni,834,4.514388489208633,0.0,20.027937649880094,59.65107913669065
2018-11-29,Unknown,39,4.9743589743589745,0.0,22.184615384615388,57.794871794871796
2018-11-30,Kobiety,197,3.2081218274111674,0.04111675126903553,3.7644670050761424,79.25888324873097
2018-11-30,Mężczyźni,727,3.314993122420908,0.0640990371389271,3.54484181568088,79.0563961485557
2018-11-30,Unknown,29,3.4482758620689653,0.0,3.151724137931035,77.58620689655173
2018-12-01,Kobiety,151,4.622516556291391,0.03576158940397351,7.284105960264902,75.28476821192054
2018-12-01,Mężczyźni,402,4.606965174129353,0.0791044776119403,7.438308457711442,76.76616915422886
2018-12-01,Unknown,33,4.242424242424242,0.02121212121212121,7.609090909090909,77.06060606060606
2018-12-02,Kobiety,71,12.788732394366198,0.4605633802816902,11.859154929577464,98.14084507042253
2018-12-02,Mężczyźni,208,12.45673076923077,0.4894230769230769,11.665865384615385,98.02403846153847
2018-12-02,Unknown,22,12.454545454545455,0.36818181818181817,11.427272727272728,97.95454545454545
2018-12-03,Kobiety,237,10.067510548523206,0.0,19.70759493670886,69.20253164556962
2018-12-03,Mężczyźni,854,9.873536299765808,0.0,19.193559718969553,69.78220140515222
2018-12-03,Unknown,23,8.91304347826087,0.0,17.778260869565216,71.78260869565217
2018-12-04,Kobiety,212,1.8915094339622642,0.0,14.75566037735849,55.179245283018865
2018-12-04,Mężczyźni,744,1.721774193548387,0.0,14.073118279569892,55.350806451612904
2018-12-04,Unknown,19,1.4736842105263157,0.0,12.910526315789474,56.89473684210526
2018-12-05,Kobiety,188,-0.8404255319148937,0.0,8.65372340425532,66.97340425531915
2018-12-05,Mężczyźni,697,-0.7187948350071736,0.0,8.256814921090387,66.37302725968436
2018-12-05,Unknown,23,-0.7391304347826086,0.0,8.652173913043478,65.52173913043478
2018-12-06,Kobiety,197,0.9238578680203046,0.0,15.46243654822335,62.27918781725889
2018-12-06,Mężczyźni,757,0.9828269484808454,0.0,15.59537648612946,62.25231175693527
2018-12-06,Unknown,27,1.2222222222222223,0.0,15.31111111111111,60.25925925925926
2018-12-07,Kobiety,193,0.2849740932642487,0.0,14.293264248704663,60.10880829015544
2018-12-07,Mężczyźni,674,0.10534124629080119,0.0,13.800593471810089,60.82937685459941
2018-12-07,Unknown,26,-0.07692307692307693,0.0,13.434615384615386,62.34615384615385
2018-12-08,Kobiety,119,-0.6050420168067226,0.0,11.527731092436975,54.05882352941177
2018-12-08,Mężczyźni,328,-0.40853658536585363,0.0,11.165853658536586,54.63719512195122
2018-12-08,Unknown,17,-0.9411764705882353,0.0,9.505882352941176,58.94117647058823
2018-12-09,Kobiety,104,0.009615384615384616,0.0,7.075961538461538,58.66346153846154
2018-12-09,Mężczyźni,345,-0.10144927536231885,0.0,7.096521739130435,60.30724637681159
2018-12-09,Unknown,20,0.15,0.0,6.29,59.45
2018-12-10,Kobiety,182,-0.5604395604395604,0.0,12.015934065934067,65.36263736263736
2018-12-10,Mężczyźni,718,-0.6545961002785515,0.0,11.908774373259053,66.42479108635098
2018-12-10,Unknown,26,-0.9230769230769231,0.0,12.419230769230769,67.23076923076923
2018-12-11,Kobiety,207,-0.9371980676328503,0.0,8.369565217391305,78.8743961352657
2018-12-11,Mężczyźni,797,-0.7289836888331243,0.0,8.453324968632371,79.62358845671267
2018-12-11,Unknown,28,-0.7142857142857143,0.0,7.7,78.25
2018-12-12,Kobiety,222,1.454954954954955,0.0,10.609909909909911,67.25675675675676
2018-12-12,Mężczyźni,781,1.3303457106274008,0.0,10.271062740076824,67.93085787451984
2018-12-12,Unknown,44,1.8636363636363635,0.0,9.209090909090909,68.3409090909091
2018-12-13,Kobiety,185,1.8324324324324324,0.04540540540540541,16.474054054054054,85.28648648648648
2018-12-13,Mężczyźni,665,1.7488721804511278,0.037894736842105266,16.571578947368423,85.29774436090226
2018-12-13,Unknown,22,1.6818181818181819,0.03181818181818182,15.759090909090908,86.54545454545455
2018-12-14,Kobiety,205,6.521951219512195,0.022926829268292682,11.64,89.18048780487806
2018-12-14,Mężczyźni,706,6.461756373937677,0.030453257790368272,11.263456090651559,90.1643059490085
2018-12-14,Unknown,40,6.525,0.02,11.96,88.575
2018-12-15,Kobiety,168,8.5,0.029166666666666667,16.667261904761904,88.64285714285714
2018-12-15,Mężczyźni,420,8.35,0.040238095238095246,16.252142857142857,88.74761904761905
2018-12-15,Unknown,23,8.173913043478262,0.0391304347826087,16.02173913043478,88.56521739130434
2018-12-16,Kobiety,55,3.672727272727273,1.0636363636363637,25.721818181818183,91.98181818181818
2018-12-16,Mężczyźni,126,4.166666666666667,0.8436507936507937,26.761904761904763,89.56349206349206
2018-12-16,Unknown,9,4.111111111111111,0.8777777777777778,27.58888888888889,90.22222222222223
2018-12-17,Kobiety,188,4.170212765957447,0.0015957446808510637,17.977127659574467,72.94148936170212
2018-12-17,Mężczyźni,686,4.357142857142857,0.0018950437317784257,18.397813411078715,70.0466472303207
2018-12-17,Unknown,28,4.857142857142857,0.0,19.410714285714285,70.75
2018-12-18,Kobiety,164,-0.21341463414634146,0.0,19.74878048780488,50.920731707317074
2018-12-18,Mężczyźni,637,-0.24646781789638933,0.0,18.837362637362638,51.02040816326531
2018-12-18,Unknown,12,0.0,0.0,19.266666666666666,50.333333333333336
2018-12-19,Kobiety,184,-0.2717391304347826,0.0,8.559782608695652,66.36413043478261
2018-12-19,Mężczyźni,669,0.043348281016442454,0.0,8.60881913303438,66.76980568011957
2018-12-19,Unknown,16,0.6875,0.0,9.34375,65.6875
2018-12-20,Kobiety,123,2.292682926829268,0.15772357723577235,7.733333333333333,85.8780487804878
2018-12-20,Mężczyźni,498,2.7570281124497993,0.2921686746987952,8.254016064257028,86.58433734939759
2018-12-20,Unknown,13,2.1538461538461537,0.16153846153846155,6.915384615384616,83.92307692307692
2018-12-21,Kobiety,99,11.565656565656566,0.6979797979797979,19.50909090909091,97.01010101010101
2018-12-21,Mężczyźni,351,11.806267806267806,0.7504273504273503,19.67834757834758,96.86324786324786
2018-12-21,Unknown,7,12.142857142857142,0.7,16.87142857142857,97.0
2018-12-22,Kobiety,120,5.85,0.011666666666666665,25.77,64.825
2018-12-22,Mężczyźni,338,5.866863905325443,0.04615384615384615,26.252366863905323,63.23668639053255
2018-12-22,Unknown,21,5.666666666666667,0.0,26.55714285714286,61.142857142857146
2018-12-23,Kobiety,97,4.010309278350515,0.0,10.296907216494844,60.876288659793815
2018-12-23,Mężczyźni,261,3.9272030651340994,0.0,10.542911877394635,61.13026819923372
2018-12-23,Unknown,24,3.7083333333333335,0.0,8.4,66.08333333333333
2018-12-24,Kobiety,67,4.597014925373134,0.049253731343283584,14.0955223880597,68.05970149253731
2018-12-24,Mężczyźni,292,4.6506849315068495,0.029794520547945208,14.666438356164385,67.32876712328768
2018-12-24,Unknown,29,4.551724137931035,0.03103448275862069,14.617241379310345,70.0
2018-12-25,Kobiety,39,1.794871794871795,0.0,11.038461538461538,61.94871794871795
2018-12-25,Mężczyźni,158,2.7974683544303796,0.0,14.143670886075949,56.462025316455694
2018-12-25,Unknown,20,4.0,0.0,15.75,50.85
2018-12-26,Kobiety,92,1.858695652173913,0.0,9.08804347826087,70.78260869565217
2018-12-26,Mężczyźni,451,2.2638580931263856,0.0,9.802217294900222,67.52549889135256
2018-12-26,Unknown,22,2.6818181818181817,0.0,9.509090909090908,65.36363636363636
2018-12-27,Kobiety,126,2.1666666666666665,0.0,9.686507936507937,71.23809523809524
2018-12-27,Mężczyźni,557,2.0412926391382404,0.0,9.23572710951526,71.53500897666068
2018-12-27,Unknown,31,2.4516129032258065,0.0,9.006451612903225,68.64516129032258
2018-12-28,Kobiety,40,11.425,0.775,15.779999999999998,96.75
2018-12-28,Mężczyźni,202,11.415841584158416,1.4024752475247526,16.62277227722772,95.98514851485149
2018-12-28,Unknown,8,12.0,1.325,17.1875,96.375
2018-12-29,Kobiety,114,8.219298245614034,0.0,20.63947368421053,60.6578947368421
2018-12-29,Mężczyźni,292,8.082191780821917,0.0006849315068493151,19.562671232876713,62.03767123287671
2018-12-29,Unknown,42,8.595238095238095,0.0,21.038095238095238,60.95238095238095
2018-12-30,Kobiety,97,3.0927835051546393,0.01855670103092783,6.560824742268041,69.34020618556701
2018-12-30,Mężczyźni,280,2.817857142857143,0.02142857142857143,7.017857142857143,72.58214285714286
2018-12-30,Unknown,31,3.129032258064516,0.009677419354838712,7.877419354838709,68.09677419354838
2018-12-31,Kobiety,79,3.3417721518987342,0.21012658227848102,9.086075949367087,88.26582278481013
2018-12-31,Mężczyźni,267,3.438202247191011,0.31161048689138576,9.50861423220974,88.78277153558052
2018-12-31,Unknown,13,4.0,0.2076923076923077,14.600000000000001,84.6923076923077
